,record_code,format_version,submission_date,reporting_agency,release_agency,coordinator,tag_code_or_release_id,tag_type,first_sequential_number,last_sequential_number,related_group_type,related_group_id,species,run,brood_year,first_release_date,last_release_date,release_location_code,hatchery_location_code,stock_location_code,release_stage,rearing_type,study_type,release_strategy,avg_weight,avg_length,study_integrity,cwt_1st_mark,cwt_1st_mark_count,cwt_2nd_mark,cwt_2nd_mark_count,non_cwt_1st_mark,non_cwt_1st_mark_count,non_cwt_2nd_mark,non_cwt_2nd_mark_count,counting_method,tag_loss_rate,tag_loss_days,tag_loss_sample_size,tag_reused,comments,release_location_name,hatchery_location_name,stock_location_name,release_location_state,release_location_rmis_region,release_location_rmis_basin,record_origin,tagged_adclipped,tagged_unclipped,untagged_adclipped,untagged_unclipped,untagged_unknown
0,N,4.2,20231204,WDFW,WDFW,4,!04P00111602,,,,,,1,1,2016,20170602,20170602,3F10208  031411 R,3F10208  031421 H,3F10208  031421 S02,,H,,VO,6.21,84445,,,,,,5000,105786,,,,,,,,,CASCADE R    03.1411,MARBLEMOUNT HATCHERY,MARBLEMOUNT HATCH,WA,SKAG,UPSK,N,0,0,105786,0,0
1,T,4.2,20231204,WDFW,WDFW,4,631017,0,,,D,4.2E+12,1,1,1998,20000306,20000313,3F10208  031411 R,3F10208  031421 H,3F10208  030176 S,Y,H,,,41.23,151,,5000,65619,,,5000,1476,,,,0.022,,,,,CASCADE R    03.1411,MARBLEMOUNT HATCHERY,SKAGIT R     03.0176,WA,SKAG,UPSK,N,65619,0,1476,0,0
2,T,4.2,20231204,WDFW,WDFW,4,630950,11,,,D,4.2002E+12,2,,2000,20020516,20020517,3F10208  031411 R,3F10208  031421 H,3F10208  030176 S,Y,H,,,26.91,128,,5000,10582,0,63,5000,260,0,2,,0.024,,,,,CASCADE R    03.1411,MARBLEMOUNT HATCHERY,SKAGIT R     03.0176,WA,SKAG,UPSK,N,10582,63,260,2,0
3,T,4.2,20231204,WDFW,WDFW,4,638543,12,,,,,1,1,2022,20230825,20230825,3F10208  031411 R,3F10208  031421 H,3F10208  031421 S02,,H,P,FR,6.12,89,,5000,99251,0,388,5000,1747,0,7,,0.0173,,519,,,CASCADE R    03.1411,MARBLEMOUNT HATCHERY,MARBLEMOUNT HATCH,WA,SKAG,UPSK,N,99251,388,1747,7,0
4,T,4.2,20231204,WDFW,WDFW,4,210745,0,,,,,1,3,2006,20070611,20070611,3F10208  030435 R,3F10208  031421 H,3F10208  030176 S,,H,,,4.27,73,,5000,161018,0,798,5000,956,,,,0.0059,,,,BO=W(WILD),BAKER R      03.0435,MARBLEMOUNT HATCHERY,SKAGIT R     03.0176,WA,SKAG,SKAGG,N,161018,798,956,0,0
5,T,4.2,20231204,WDFW,WDFW,4,210677,0,,,,,1,2,2005,20060523,20060523,3F10208  030176 R,3F10208  031853AH,3F10208  030176 S,,H,,,3.38,66,,5000,200657,0,1641,5000,2872,,,,0.014,,,,BO=W(WILD),SKAGIT R     03.0176,COUNTY LINE PONDS,SKAGIT R     03.0176,WA,SKAG,SKAGG,N,200657,1641,2872,0,0
6,T,4.2,20231204,WDFW,WDFW,4,633867,12,,,,,1,1,2006,20070615,20070615,3F10208  031411 R,3F10208  031421 H,3F10208  030176 S,,H,,,6.04,81,,5000,254739,0,946,,,,,,,,,,,CASCADE R    03.1411,MARBLEMOUNT HATCHERY,SKAGIT R     03.0176,WA,SKAG,UPSK,N,254739,946,0,0,0
7,T,4.2,20231204,WDFW,WDFW,4,632065,13,,,D,4.2004E+12,2,,2002,20040601,20040607,3F10208  031411 R,3F10208  031421 H,3F10208  030176 S,Y,H,,,25.62,135,,5000,29560,0,1040,,,,,,,,,,20% LOSS FROM FLOOD,CASCADE R    03.1411,MARBLEMOUNT HATCHERY,SKAGIT R     03.0176,WA,SKAG,UPSK,N,29560,1040,0,0,0
8,T,4.2,20231204,WDFW,WDFW,4,211007,0,,,,,1,2,2011,20120608,20120612,3F10208  031853BR,3F10208  031421 H,3F10208  030176 S,,H,,VO,4.27,69,,5000,187388,0,1908,5000,1527,,,,0.008,,500,,BO=MIXED(HxW) FISH MOVED TO CO.LINE POND 6/5/12 SCREEN PULLED AFTER THREE DAYS,CO LINE PD2 03.1853B,MARBLEMOUNT HATCHERY,SKAGIT R     03.0176,WA,SKAG,UPSK,N,187388,1908,1527,0,0
9,T,4.2,20231204,WDFW,WDFW,4,638010,12,,,,,1,1,2020,20210926,20210926,3F10208  031411 R,3F10208  031421 H,3F10208  031421 S02,,H,P,FR,9.25,89,,5000,45582,0,1284,5000,201,0,6,,0.0044,,914,,,CASCADE R    03.1411,MARBLEMOUNT HATCHERY,MARBLEMOUNT HATCH,WA,SKAG,UPSK,N,45582,1284,201,6,0
10,T,4.2,20231204,WDFW,WDFW,4,630694,12,,,D,4.2002E+12,1,1,2000,20020423,20020424,3F10208  031411 R,3F10208  031421 H,3F10208  030176 S,Y,H,,,29.26,133,,5000,74093,0,186,5000,171,,,,0.0023,,,,,CASCADE R    03.1411,MARBLEMOUNT HATCHERY,SKAGIT R     03.0176,WA,SKAG,UPSK,N,74093,186,171,0,0
11,N,4.2,20020211,NWIFC,SRSC,14,!14200100003,,,,,,2,3,1999,20010225,20010225,3F10107  030102 R,3F10208  031421 H,3F10208  031421 S,S,H,P,FR,18.9,,N,,,,,5000,111126,0,874,B,,,,,"SSC/WDFW COOP, POOR MARKS .78%",INDIAN SLOUGH 3.0102,MARBLEMOUNT HATCHERY,CLARK CR     03.1421,WA,SKAG,LOSK,N,0,0,111126,874,0
12,T,4.2,20231204,WDFW,WDFW,4,630896,12,,,,,1,1,2001,20020604,20020605,3F10208  031411 R,3F10208  031421 H,3F10208  030176 S,,H,,,6.04,81,,5000,242721,,,5000,10641,,,,0.042,,,,,CASCADE R    03.1411,MARBLEMOUNT HATCHERY,SKAGIT R     03.0176,WA,SKAG,UPSK,N,242721,0,10641,0,0
13,T,4.2,20231204,WDFW,WDFW,4,636632,12,,,,,1,1,2013,20140612,20140612,3F10208  031411 R,3F10208  031421 H,3F10208  030176 S,,H,P,FR,5.66,114,,5000,77369,0,132,,,,,,,,593,,,CASCADE R    03.1411,MARBLEMOUNT HATCHERY,SKAGIT R     03.0176,WA,SKAG,UPSK,N,77369,132,0,0,0
14,T,4.2,20231204,WDFW,WDFW,4,636912,12,,,,,1,1,2015,20160602,20160602,3F10208  031411 R,3F10208  031421 H,3F10208  030176 S,,H,P,FR,5.81,82,,5000,77022,0,310,5000,621,0,2,,0.008,,500,,,CASCADE R    03.1411,MARBLEMOUNT HATCHERY,SKAGIT R     03.0176,WA,SKAG,UPSK,N,77022,310,621,2,0
15,T,4.2,20231204,WDFW,WDFW,4,637142,12,,,,,1,1,2017,20180601,20180601,3F10208  031411 R,3F10208  031421 H,3F10208  031421 S02,,H,P,VO,6.47,82,,5000,77209,0,295,,,,,,,,524,,,CASCADE R    03.1411,MARBLEMOUNT HATCHERY,MARBLEMOUNT HATCH,WA,SKAG,UPSK,N,77209,295,0,0,0
16,N,4.2,20020328,NWIFC,COOP,14,!14200000121,,,,,,2,3,1998,20000216,20000216,3F10107  030102 R,3F10208  031421 H,3F10208  031421 S,S,H,P,FR,15.12,,N,,,,,5000,116720,,,B,,,,,SSC/WDFW COOP,INDIAN SLOUGH 3.0102,MARBLEMOUNT HATCHERY,CLARK CR     03.1421,WA,SKAG,LOSK,N,0,0,116720,0,0
17,N,4.2,20231204,WDFW,WDFW,4,!04P00202720,,,,,,1,1,2022,20230605,20230605,3F10208  031411 R,3F10208  031421 H,3F10208  031421 S02,,H,,FR,3.77,69,,,,,,5000,104927,0,996,,,,,,,CASCADE R    03.1411,MARBLEMOUNT HATCHERY,MARBLEMOUNT HATCH,WA,SKAG,UPSK,N,0,0,104927,996,0
18,T,4.2,20231204,WDFW,WDFW,4,638168,12,,,,,1,1,2022,20230605,20230605,3F10208  031411 R,3F10208  031421 H,3F10208  031421 S02,,H,P,FR,2.45,68,,5000,76898,0,613,5000,46,,,,0.0006,,1641,,,CASCADE R    03.1411,MARBLEMOUNT HATCHERY,MARBLEMOUNT HATCH,WA,SKAG,UPSK,N,76898,613,46,0,0
19,T,4.2,20231204,WDFW,WDFW,4,210964,0,,,,,1,2,2010,20110607,20110614,3F10208  031853BR,3F10208  031421 H,3F10208  030176 S,,H,,VO,4.12,68,,5000,182176,0,1091,5000,1627,,,,0.0088,,1021,,BO=MIXED(HxW),CO LINE PD2 03.1853B,MARBLEMOUNT HATCHERY,SKAGIT R     03.0176,WA,SKAG,UPSK,N,182176,1091,1627,0,0
20,T,4.2,20231204,WDFW,WDFW,4,636085,12,,,D,4.2012E+12,1,1,2010,20120416,20120426,3F10208  031411 R,3F10208  031421 H,3F10208  030176 S,Y,H,,VO,45.35,146,,0,72268,,,0,290,,,,0.004,,500,,,CASCADE R    03.1411,MARBLEMOUNT HATCHERY,SKAGIT R     03.0176,WA,SKAG,UPSK,N,0,72268,0,290,0
21,T,4.2,20231204,WDFW,WDFW,4,630299,13,,,D,4.2001E+12,2,,1999,20010521,20010521,3F10208  031411 R,3F10208  031421 H,3F10208  030176 S,Y,H,,,27.49,135,,5000,45831,,,5000,96,,,,0.0021,,,,,CASCADE R    03.1411,MARBLEMOUNT HATCHERY,SKAGIT R     03.0176,WA,SKAG,UPSK,N,45831,0,96,0,0
22,T,4.2,20120808,WDFW,WDFW,4,630111,0,,,,,1,3,1997,200003,200003,3M10308  888072 R,3F10208  031421 H,3F10107  030005 S,S,H,E,,64.79,,N,5000,20134,,,5000,136,,,C,,,,,,NWSSC-EVERETT N PEN,MARBLEMOUNT HATCHERY,SAMISH R     03.0005,WA,NPS,SNOH,N,20134,0,136,0,0
23,N,4.2,20231204,WDFW,WDFW,4,!04P00153602,,,,,,2,,2018,20200429,20200429,3F10208  040435 R01,3F10208  030435 H34,3F10208  030435 S,G,H,,FR,22.12,123,,,,,,5000,23080,0,200,,,,,,BO=MIXED(HxW),STRESS RELIEF PD 1 (SKAG),BAKER LK HATCHERY,BAKER R      03.0435,WA,SKAG,SKAGG,N,0,0,23080,200,0
24,T,4.2,20231204,WDFW,WDFW,4,630693,12,,,D,4.2002E+12,1,1,2000,20020423,20020424,3F10208  031411 R,3F10208  031421 H,3F10208  030176 S,Y,H,,,29.26,133,,0,73356,,,0,644,,,,0.0087,,,,,CASCADE R    03.1411,MARBLEMOUNT HATCHERY,SKAGIT R     03.0176,WA,SKAG,UPSK,N,0,73356,0,644,0
25,T,4.2,20231204,WDFW,WDFW,4,630386,13,,,D,4.2002E+12,2,,2000,20020516,20020517,3F10208  031411 R,3F10208  031421 H,3F10208  030176 S,Y,H,,,26.91,128,,0,10988,,,0,22,,,,0.002,,,,,CASCADE R    03.1411,MARBLEMOUNT HATCHERY,SKAGIT R     03.0176,WA,SKAG,UPSK,N,0,10988,0,22,0
26,N,4.2,20231204,WDFW,WDFW,4,!04P00071261,,,,,,1,1,2013,20140612,20140612,3F10208  031411 R,3F10208  031421 H,3F10208  030176 S,,H,,FR,5.66,114,,,,,,5000,87217,0,333,,,,,,,CASCADE R    03.1411,MARBLEMOUNT HATCHERY,SKAGIT R     03.0176,WA,SKAG,UPSK,N,0,0,87217,333,0
27,N,4.2,20231204,WDFW,WDFW,4,!04P00043553,,,,,,2,,2012,20140319,20140319,3F10208  030435 R02,3F10208  030435 H34,3F10208  030435 S,G,H,,FR,21.29,,,,,,,5000,3166,0,132,,,,,,BO=MIXED(HxW),LK SHANNON (SKAG),BAKER LK HATCHERY,BAKER R      03.0435,WA,SKAG,UPSK,N,0,0,3166,132,0
28,N,4.2,20231204,WDFW,WDFW,4,!04P00019642,,,,,,2,,2002,20040601,20040607,3F10208  031411 R,3F10208  031421 H,3F10208  030176 S,Y,H,,,25.62,135,,,,,,5000,3191,0,29,,,,,,20% LOSS FROM FLOOD,CASCADE R    03.1411,MARBLEMOUNT HATCHERY,SKAGIT R     03.0176,WA,SKAG,UPSK,N,0,0,3191,29,0
29,T,4.2,20231204,WDFW,WDFW,4,637716,12,,,,,1,1,2019,20200506,20200506,3F10208  031411 R,3F10208  031421 H,3F10208  031421 S02,,H,P,FR,7.43,76,,5000,100819,0,588,5000,192,0,1,,0.0019,,518,,,CASCADE R    03.1411,MARBLEMOUNT HATCHERY,MARBLEMOUNT HATCH,WA,SKAG,UPSK,N,100819,588,192,1,0
30,N,4.2,20231204,WDFW,WDFW,4,!04P00036711,,,,,,2,,2006,20080218,20080225,3F10208  030117 R,3F10208  031421 H,3F10208  030176 S,Y,H,,,18.14,113,,,,,,5000,101804,0,196,,,,,,,TELEGRAPH SLOUGH 03.0117,MARBLEMOUNT HATCHERY,SKAGIT R     03.0176,WA,NOWA,BESA,N,0,0,101804,196,0
31,T,4.2,20231204,WDFW,WDFW,4,630387,13,,,D,4.2002E+12,2,,2000,20020516,20020517,3F10208  031411 R,3F10208  031421 H,3F10208  030176 S,Y,H,,,26.91,128,,5000,10777,0,108,5000,130,0,1,,0.0119,,,,,CASCADE R    03.1411,MARBLEMOUNT HATCHERY,SKAGIT R     03.0176,WA,SKAG,UPSK,N,10777,108,130,1,0
32,N,4.2,20231204,WDFW,WDFW,4,!04P00039836,,,,,,2,,2001,20030217,20030218,3F10107  030102 R,3F10208  031421 H,3F10208  030176 S,Y,H,,,18.89,110,,,,,,5000,105000,,,,,,,,,INDIAN SLOUGH 3.0102,MARBLEMOUNT HATCHERY,SKAGIT R     03.0176,WA,SKAG,LOSK,N,0,0,105000,0,0
33,N,4.2,20231204,WDFW,WDFW,4,!04P00048667,,,,,,1,1,2011,20120615,20120615,3F10208  031411 R,3F10208  031421 H,3F10208  030176 S,,H,,FR,5.66,81,,,,,,5000,12789,0,51,,,,,,,CASCADE R    03.1411,MARBLEMOUNT HATCHERY,SKAGIT R     03.0176,WA,SKAG,UPSK,N,0,0,12789,51,0
34,N,4.2,20231204,WDFW,WDFW,4,!04P00050384,,,,,,2,,2001,20030529,20030530,3F10208  031411 R,3F10208  031421 H,3F10208  030176 S,Y,H,,,27.65,13,,,,,,5000,68420,,,,,,,,,CASCADE R    03.1411,MARBLEMOUNT HATCHERY,SKAGIT R     03.0176,WA,SKAG,UPSK,N,0,0,68420,0,0
35,N,4.2,20231204,WDFW,WDFW,4,!04P00072415,,,,,,2,,2013,20140611,20140611,3F10208  030435 R02,3F10208  030435 H34,3F10208  030435 S,,H,,FR,1.83,,,,,,,0,156446,,,,,,,,BO=MIXED(HxW) RELEASED INTO TAILRACE BELOW HATCHERY.,LK SHANNON (SKAG),BAKER LK HATCHERY,BAKER R      03.0435,WA,SKAG,UPSK,N,0,0,0,156446,0
36,T,4.2,20231204,WDFW,WDFW,4,632888,12,,,O,4.2006E+12,1,1,2004,20060414,20060416,3F10208  031411 R,3F10208  031421 H,3F10208  030176 S,Y,H,,,46.76,161,,0,71942,,,0,391,,,,0.0054,,,,,CASCADE R    03.1411,MARBLEMOUNT HATCHERY,SKAGIT R     03.0176,WA,SKAG,UPSK,N,0,71942,0,391,0
37,N,4.2,20231204,WDFW,WDFW,4,!04P00189876,,,,,,2,,2020,20220501,20220506,3F10208  031411 R,3F10208  031421 H,3F10208  030176 S,Y,H,,VO,22.67,124,,,,,,5000,436629,0,2282,,,,,,BO=MIXED(HxW),CASCADE R    03.1411,MARBLEMOUNT HATCHERY,SKAGIT R     03.0176,WA,SKAG,UPSK,N,0,0,436629,2282,0
38,T,4.2,20231204,WDFW,WDFW,4,630164,12,,,,,1,1,1999,20000509,20000603,3F10208  030176 R71,3F10208  031421 H,3F10208  030176 S,,H,,,6.04,79,,5000,256614,0,3227,5000,2743,0,36,,0.0109,,,,,SKAGIT R + CASCADE R,MARBLEMOUNT HATCHERY,SKAGIT R     03.0176,WA,SKAG,UPSK,N,256614,3227,2743,36,0
39,N,4.2,20231204,WDFW,WDFW,4,!04P00189875,,,,,,2,,2020,20220501,20220506,3F10208  031411 R,3F10208  031421 H,3F10208  030176 S,Y,H,,VO,22.67,124,,,,,,0,2,,,,,,,,BO=MIXED(HxW),CASCADE R    03.1411,MARBLEMOUNT HATCHERY,SKAGIT R     03.0176,WA,SKAG,UPSK,N,0,0,0,2,0
40,N,4.2,20231204,WDFW,WDFW,4,!04P00037057,,,,,,2,,2010,20120509,20120509,3F10208  030176 R,3F10208  030435 H34,3F10208  030435 S,Y,H,,FR,26.83,,,,,,,5000,43287,,,,,,,,BO=MIXED(HxW),SKAGIT R     03.0176,BAKER LK HATCHERY,BAKER R      03.0435,WA,SKAG,SKAGG,N,0,0,43287,0,0
41,T,4.2,20231204,WDFW,WDFW,4,210735,0,,,,,1,2,2006,20070525,20070525,3F10208  032363 R,3F10208  031853AH,3F10208  030176 S,,H,,,3.54,70,,5000,231662,,,5000,488,,,,0.0021,,,,BO=W(WILD),COUNTY LINE CR3.2363,COUNTY LINE PONDS,SKAGIT R     03.0176,WA,SKAG,UPSK,N,231662,0,488,0,0
42,N,4.2,20231204,WDFW,WDFW,4,!04P00189882,,,,,,1,1,2021,20220601,20220601,3F10208  031411 R,3F10208  031421 H,3F10208  031421 S02,,H,,FR,5.74,80,,,,,,5000,119208,0,937,,,,,,,CASCADE R    03.1411,MARBLEMOUNT HATCHERY,MARBLEMOUNT HATCH,WA,SKAG,UPSK,N,0,0,119208,937,0
43,T,4.2,20231204,WDFW,WDFW,4,633572,13,,,D,4.2007E+12,2,,2005,20070601,20070604,3F10208  031411 R,3F10208  031421 H,3F10208  030176 S,Y,H,,,28.52,139,,0,43575,,,0,175,,,,0.004,,,,,CASCADE R    03.1411,MARBLEMOUNT HATCHERY,SKAGIT R     03.0176,WA,SKAG,UPSK,N,0,43575,0,175,0
44,T,4.2,20231204,WDFW,WDFW,4,211048,12,,,,,1,2,2012,20130619,20130619,3F10208  032363 R,3F10208  031421 H,3F10208  030176 S,,H,P,VO,4.77,76,,5000,197773,,,,,,,,,,500,,BO=MIXED(HxW),COUNTY LINE CR3.2363,MARBLEMOUNT HATCHERY,SKAGIT R     03.0176,WA,SKAG,UPSK,N,197773,0,0,0,0
45,T,4.2,20231204,WDFW,WDFW,4,210842,0,,,,,1,2,2008,20090528,20090531,3F10208  031853BR,3F10208  031421 H,3F10208  030176 S,,H,,VO,4.12,67,,5000,108180,0,437,5000,667,,,,0.0061,,495,,,CO LINE PD2 03.1853B,MARBLEMOUNT HATCHERY,SKAGIT R     03.0176,WA,SKAG,UPSK,N,108180,437,667,0,0
46,T,4.2,20231204,WDFW,WDFW,4,637865,12,,,,,1,1,2021,20220930,20220930,3F10208  031411 R,3F10208  031421 H,3F10208  031421 S02,,H,P,FR,12.95,100,,5000,100984,0,804,5000,71,0,1,,0.0007,,3041,,,CASCADE R    03.1411,MARBLEMOUNT HATCHERY,MARBLEMOUNT HATCH,WA,SKAG,UPSK,N,100984,804,71,1,0
47,T,4.2,20231204,WDFW,WDFW,4,631108,11,,,D,4.2E+12,2,,1998,20000523,20000524,3F10208  031411 R,3F10208  031421 H,3F10208  030176 S,Y,H,,,25.19,133,,0,40525,,,0,659,,,,0.016,,,,,CASCADE R    03.1411,MARBLEMOUNT HATCHERY,SKAGIT R     03.0176,WA,SKAG,UPSK,N,0,40525,0,659,0
48,T,4.2,20231204,WDFW,WDFW,4,630874,12,,,D,4.2004E+12,1,1,2002,20040405,20040423,3F10208  031411 R,3F10208  031421 H,3F10208  030176 S,Y,H,,,37.79,148,,0,60000,,,,,,,,,,,,20% LOSS FROM FLOOD NO QC,CASCADE R    03.1411,MARBLEMOUNT HATCHERY,SKAGIT R     03.0176,WA,SKAG,UPSK,N,0,60000,0,0,0
49,T,4.2,20231204,WDFW,WDFW,4,638251,12,,,,,1,1,2021,20220601,20220601,3F10208  031411 R,3F10208  031421 H,3F10208  031421 S02,,H,P,FR,5.74,80,,5000,77096,,,5000,302,,,,0.0039,,1794,,,CASCADE R    03.1411,MARBLEMOUNT HATCHERY,MARBLEMOUNT HATCH,WA,SKAG,UPSK,N,77096,0,302,0,0
50,N,4.2,20231204,WDFW,WDFW,4,!04P00186960,,,,,,1,1,2021,20220502,20220502,3F10208  031411 R,3F10208  031421 H,3F10208  031421 S02,,H,,FR,5.46,77,,,,,,5000,5837,0,12,,,,,,,CASCADE R    03.1411,MARBLEMOUNT HATCHERY,MARBLEMOUNT HATCH,WA,SKAG,UPSK,N,0,0,5837,12,0
51,N,4.2,20231204,WDFW,WDFW,4,!04P00085104,,,,,,1,1,2014,20150601,20150601,3F10208  031411 R,3F10208  031421 H,3F10208  030176 S,,H,,FR,6.47,89,,,,,,5000,192555,0,347,,,,,,,CASCADE R    03.1411,MARBLEMOUNT HATCHERY,SKAGIT R     03.0176,WA,SKAG,UPSK,N,0,0,192555,347,0
52,T,4.2,20231204,WDFW,WDFW,4,211543,12,,,,,1,2,2021,20220630,20220630,3F10208  031853 R01,3F10208  031421 H,3F10208  030176 S,,H,P,FR,3.77,79,,5000,215200,0,1605,5000,194,0,1,,0.0009,,5439,,BO=MIXED(HxW),CO LINE SLU 03.1853A,MARBLEMOUNT HATCHERY,SKAGIT R     03.0176,WA,SKAG,UPSK,N,215200,1605,194,1,0
53,T,4.2,20231204,WDFW,WDFW,4,633099,13,,,D,4.2006E+12,2,,2004,20060519,20060522,3F10208  031411 R,3F10208  031421 H,3F10208  030176 S,Y,H,,,26.68,119,,5000,47305,0,143,5000,57,,,,0.0012,,,,USED INITIAL QC,CASCADE R    03.1411,MARBLEMOUNT HATCHERY,SKAGIT R     03.0176,WA,SKAG,UPSK,N,47305,143,57,0,0
54,N,4.2,20231204,WDFW,WDFW,4,!04P00050008,,,,,,2,,2007,20090216,20090227,3F10208  030117 R,3F10208  031421 H,3F10208  030176 S,G,H,,FR,18.14,124,,,,,,5000,98366,0,534,,,,,,,TELEGRAPH SLOUGH 03.0117,MARBLEMOUNT HATCHERY,SKAGIT R     03.0176,WA,NOWA,BESA,N,0,0,98366,534,0
55,N,4.2,20231204,WDFW,WDFW,4,!04P00029672,,,,,,2,,2002,20040601,20040607,3F10208  031411 R,3F10208  031421 H,3F10208  030176 S,Y,H,,,25.62,135,,,,,,5000,9143,0,82,,,,,,20% LOSS FROM FLOOD,CASCADE R    03.1411,MARBLEMOUNT HATCHERY,SKAGIT R     03.0176,WA,SKAG,UPSK,N,0,0,9143,82,0
56,N,4.2,20231204,WDFW,WDFW,4,!04P00096145,,,,,,2,,2014,20160427,20160427,3F10208  040435 R01,3F10208  030435 H34,3F10208  030435 S,G,H,,FR,19.98,120,,,,,,5000,52010,0,1061,,,,,,BO=MIXED(HxW),STRESS RELIEF PD 1 (SKAG),BAKER LK HATCHERY,BAKER R      03.0435,WA,SKAG,SKAGG,N,0,0,52010,1061,0
57,N,4.2,20231204,WDFW,WDFW,4,!04P00136115,,,,,,2,,2012,20140501,20140501,3F10208  040435 R01,3F10208  030435 H34,3F10208  030435 S,G,H,,FR,21.09,,,,,,,5000,63325,0,2639,,,,,,BO=MIXED(HxW),STRESS RELIEF PD 1 (SKAG),BAKER LK HATCHERY,BAKER R      03.0435,WA,SKAG,SKAGG,N,0,0,63325,2639,0
58,N,4.2,20231204,WDFW,WDFW,4,!04P00098444,,,,,,2,,2015,20160615,20160615,3F10208  030435 R02,3F10208  030435 H34,3F10208  030435 S,,H,,FR,2.05,,,,,,,0,26023,,,,,,,,BO=MIXED(HxW),LK SHANNON (SKAG),BAKER LK HATCHERY,BAKER R      03.0435,WA,SKAG,UPSK,N,0,0,0,26023,0
59,N,4.2,20231204,WDFW,WDFW,4,!04P00050570,,,,,,2,,2011,20130419,20130419,3F10208  030435 R01,3F10208  030435 H34,3F10208  030435 S,Y,H,,FR,22.67,,,,,,,5350,1496,0,62,,,,,,BO=MIXED(HxW) FOR FSC STUDY.,BAKER LK (WHAT),BAKER LK HATCHERY,BAKER R      03.0435,WA,SKAG,SKAGG,N,0,0,1496,62,0
60,T,4.2,20231204,WDFW,WDFW,4,635369,12,,,,,1,1,2009,20100607,20100608,3F10208  031411 R,3F10208  031421 H,3F10208  030176 S,,H,P,VO,5.03,77,,5000,265931,,,5000,2686,,,,0.01,,500,,,CASCADE R    03.1411,MARBLEMOUNT HATCHERY,SKAGIT R     03.0176,WA,SKAG,UPSK,N,265931,0,2686,0,0
61,N,4.2,20231204,WDFW,WDFW,4,!04P00083924,,,,,,2,,2014,20150617,20150617,3F10208  030435 R23,3F10208  030435 H34,3F10208  030435 S,,H,,FR,1.29,,,,,,,0,144235,,,,,,,,BO=MIXED(HxW),BAKER LK@SULPHUR CR,BAKER LK HATCHERY,BAKER R      03.0435,WA,SKAG,SKAGG,N,0,0,0,144235,0
62,N,4.2,20231204,WDFW,WDFW,4,!04P00007809,,,,,,2,,2007,20090623,20090629,3F10208  031411 R,3F10208  031421 H,3F10208  030176 S,Y,H,,VO,26.68,138,,,,,,5000,161913,0,879,,,,,,,CASCADE R    03.1411,MARBLEMOUNT HATCHERY,SKAGIT R     03.0176,WA,SKAG,UPSK,N,0,0,161913,879,0
63,N,4.2,20231204,WDFW,WDFW,4,!04P00056441,,,,,,2,,2004,20060227,20060228,3F10107  030102 R,3F10208  031421 H,3F10208  030176 S,Y,H,,,18.89,123,,,,,,5000,98930,0,1070,,,,,,,INDIAN SLOUGH 3.0102,MARBLEMOUNT HATCHERY,SKAGIT R     03.0176,WA,SKAG,LOSK,N,0,0,98930,1070,0
64,N,4.2,20231204,WDFW,WDFW,4,!04P00029019,,,,,,2,,1999,20010225,20010225,3F10107  030102 R,3F10208  031421 H,3F10208  030176 S,Y,H,,,18.89,117,,,,,,5000,111128,0,872,,,,,,,INDIAN SLOUGH 3.0102,MARBLEMOUNT HATCHERY,SKAGIT R     03.0176,WA,SKAG,LOSK,N,0,0,111128,872,0
65,N,4.2,20231204,WDFW,WDFW,4,!04P00047428,,,,,,2,,2005,20070601,20070604,3F10208  031411 R,3F10208  031421 H,3F10208  030176 S,Y,H,,,28.52,139,,,,,,5000,170897,0,1451,,,,,,,CASCADE R    03.1411,MARBLEMOUNT HATCHERY,SKAGIT R     03.0176,WA,SKAG,UPSK,N,0,0,170897,1451,0
66,N,4.2,20231204,WDFW,WDFW,4,!04P00050138,,,,,,2,,2012,20130501,20130501,3F10208  030435 R02,3F10208  030435 H34,3F10208  030435 S,,H,,FR,0.62,,,,,,,0,500,,,,,,,,BO=MIXED(HxW) RELEASED INTO LAKE SHANNON FOR FTOT FRY STUDY,LK SHANNON (SKAG),BAKER LK HATCHERY,BAKER R      03.0435,WA,SKAG,UPSK,N,0,0,0,500,0
67,N,4.2,20231204,WDFW,WDFW,4,!04P00000360,,,,,,2,,2002,20040212,20040212,3F10107  030102 R,3F10208  031421 H,3F10208  030176 S,Y,H,,,18.89,,,,,,,5000,30163,0,837,,,,,,,INDIAN SLOUGH 3.0102,MARBLEMOUNT HATCHERY,SKAGIT R     03.0176,WA,SKAG,LOSK,N,0,0,30163,837,0
68,N,4.2,20231204,WDFW,WDFW,4,!04P00052830,,,,,,2,,2010,20120412,20120412,3F10208  030435 R23,3F10208  030435 H34,3F10208  030435 S,Y,H,,FR,25.62,,,,,,,5000,5162,,,,,,,,BO=MIXED(HxW) RELEASED INTO LAKE SHANNON FOR FSC STUDY,BAKER LK@SULPHUR CR,BAKER LK HATCHERY,BAKER R      03.0435,WA,SKAG,SKAGG,N,0,0,5162,0,0
69,N,4.2,20231204,WDFW,WDFW,4,!04P00052313,,,,,,2,,2010,20120411,20120411,3F10208  030435 R24,3F10208  030435 H34,3F10208  030435 S,Y,H,,FR,25.48,,,,,,,5000,5157,,,,,,,,BO=MIXED(HxW),BAKER LK@BLUE TARP B,BAKER LK HATCHERY,BAKER R      03.0435,WA,SKAG,UPSK,N,0,0,5157,0,0
70,T,4.2,20231204,WDFW,WDFW,4,211133,12,,,,,1,2,2014,20150611,20150611,3F10208  031853BR,3F10208  031421 H,3F10208  030176 S,,H,P,VO,4.67,72,,5000,223502,0,875,5000,1757,0,7,,0.0078,,510,,BO=MIXED(HxW),CO LINE PD2 03.1853B,MARBLEMOUNT HATCHERY,SKAGIT R     03.0176,WA,SKAG,UPSK,N,223502,875,1757,7,0
71,T,4.2,20231204,WDFW,WDFW,4,211215,12,,,,,1,2,2016,20170607,20170607,3F10208  031853BR,3F10208  031421 H,3F10208  030176 S,,H,P,FR,3.14,67,,5000,208314,,,,,,,,,,12,,BO=MIXED(HxW),CO LINE PD2 03.1853B,MARBLEMOUNT HATCHERY,SKAGIT R     03.0176,WA,SKAG,UPSK,N,208314,0,0,0,0
72,T,4.2,20231204,WDFW,WDFW,4,630567,13,,,,,2,,1999,20010521,20010521,3F10208  031411 R,3F10208  031421 H,3F10208  030176 S,Y,H,,,27.49,135,,5000,31614,0,127,5000,1249,0,5,,0.038,,,,,CASCADE R    03.1411,MARBLEMOUNT HATCHERY,SKAGIT R     03.0176,WA,SKAG,UPSK,N,31614,127,1249,5,0
73,N,4.2,20231204,WDFW,WDFW,4,!04P00043630,,,,,,2,,2009,20110315,20110315,3F10208  030117 R,3F10208  031421 H,3F10208  030176 S,G,H,,FR,18.14,111,,,,,,5000,100992,0,508,,,,,,BO=MIXED(HxW),TELEGRAPH SLOUGH 03.0117,MARBLEMOUNT HATCHERY,SKAGIT R     03.0176,WA,NOWA,BESA,N,0,0,100992,508,0
74,N,4.2,20231204,WDFW,WDFW,4,!04P00038890,,,,,,1,1,2012,20130610,20130610,3F10208  031411 R,3F10208  031421 H,3F10208  030176 S,,H,,VO,6.21,85,,,,,,5000,91871,,,,,,,,,CASCADE R    03.1411,MARBLEMOUNT HATCHERY,SKAGIT R     03.0176,WA,SKAG,UPSK,N,0,0,91871,0,0
75,N,4.2,20231204,WDFW,WDFW,4,!04P00054332,,,,,,2,,2012,20130621,20130621,3F10208  030435 R02,3F10208  030435 H34,3F10208  030435 S,,H,,FR,0.97,,,,,,,0,500,,,,,,,,BO=MIXED(HxW) RELEASED INTO LAKE SHANNON FOR FTOT STUDY,LK SHANNON (SKAG),BAKER LK HATCHERY,BAKER R      03.0435,WA,SKAG,UPSK,N,0,0,0,500,0
76,T,4.2,20231204,WDFW,WDFW,4,631257,11,,,D,4.2003E+12,2,,2001,20030529,20030530,3F10208  031411 R,3F10208  031421 H,3F10208  030176 S,Y,H,,,27.65,135,,5000,10745,0,101,5000,101,0,1,,0.0093,,,,,CASCADE R    03.1411,MARBLEMOUNT HATCHERY,SKAGIT R     03.0176,WA,SKAG,UPSK,N,10745,101,101,1,0
77,N,4.2,20231204,WDFW,WDFW,4,!04P00006567,,,,,,2,,2011,20130410,20130410,3F10208  030435 R02,3F10208  030435 H34,3F10208  030435 S,G,H,,FR,21.91,,,,,,,5350,2017,0,84,,,,,,BO=MIXED(HxW) FOR FSC STUDY.,LK SHANNON (SKAG),BAKER LK HATCHERY,BAKER R      03.0435,WA,SKAG,UPSK,N,0,0,2017,84,0
78,N,4.2,20231204,WDFW,WDFW,4,!04P00125384,,,,,,2,,2017,20180602,20180602,3F10208  030435 R02,3F10208  030435 H34,3F10208  030435 S,,H,,FR,1.51,,,,,,,0,171450,,,,,,,,BO=MIXED(HxW) SPLIT OUT EXCESS COHO TO SHANNON.  KEPT 68K BKD,LK SHANNON (SKAG),BAKER LK HATCHERY,BAKER R      03.0435,WA,SKAG,UPSK,N,0,0,0,171450,0
79,N,4.2,20231204,WDFW,WDFW,4,!04P00060926,,,,,,1,1,2002,20030424,20030424,3F10208  030176 R,3F10208  031421 H,3F10208  030176 S,,H,,,4.05,,,,,,,0,1040,,,,,,,,RELEASED TO CHECK TRAP EFFICENCY,SKAGIT R     03.0176,MARBLEMOUNT HATCHERY,SKAGIT R     03.0176,WA,SKAG,SKAGG,N,0,0,0,1040,0
80,T,4.2,20231204,WDFW,WDFW,4,630298,13,,,D,4.2001E+12,2,,1999,20010521,20010521,3F10208  031411 R,3F10208  031421 H,3F10208  030176 S,Y,H,,,27.49,135,,0,45052,,,,,,,,,,,,,CASCADE R    03.1411,MARBLEMOUNT HATCHERY,SKAGIT R     03.0176,WA,SKAG,UPSK,N,0,45052,0,0,0
81,T,4.2,20231204,WDFW,WDFW,4,637715,12,,,,,1,1,2019,20200919,20200919,3F10208  031411 R,3F10208  031421 H,3F10208  031421 S02,,H,E,FR,16.79,107,,5000,136551,0,521,5000,521,0,2,,0.0038,,1059,,,CASCADE R    03.1411,MARBLEMOUNT HATCHERY,MARBLEMOUNT HATCH,WA,SKAG,UPSK,N,136551,521,521,2,0
82,N,4.2,20231204,WDFW,WDFW,4,!04P00060878,,,,,,2,,2010,20120501,20120515,3F10208  031411 R,3F10208  031421 H,3F10208  030176 S,Y,H,,VO,27.16,135,,,,,,5000,178276,0,1365,,,,,,BO=MIXED(HxW),CASCADE R    03.1411,MARBLEMOUNT HATCHERY,SKAGIT R     03.0176,WA,SKAG,UPSK,N,0,0,178276,1365,0
83,T,4.2,20231204,WDFW,WDFW,4,630947,11,,,D,4.2002E+12,2,,2000,20020516,20020517,3F10208  031411 R,3F10208  031421 H,3F10208  030176 S,Y,H,,,26.91,128,,0,10969,,,,,,,,,,,,,CASCADE R    03.1411,MARBLEMOUNT HATCHERY,SKAGIT R     03.0176,WA,SKAG,UPSK,N,0,10969,0,0,0
84,N,4.2,20231204,WDFW,WDFW,4,!04P00011063,,,,,,2,,2012,20130515,20130515,3F10208  030435 R02,3F10208  030435 H34,3F10208  030435 S,,H,,FR,0.98,,,,,,,0,105737,,,,,,,,BO=MIXED(HxW) FRY IN EXCESS OF PROGRAM RELEASED INTO SHANNON,LK SHANNON (SKAG),BAKER LK HATCHERY,BAKER R      03.0435,WA,SKAG,UPSK,N,0,0,0,105737,0
85,N,4.2,20231204,WDFW,WDFW,4,!04P00009865,,,,,,2,,2008,20100513,20100518,3F10208  031411 R,3F10208  031421 H,3F10208  030176 S,Y,H,,VO,28.89,134,,,,,,5000,161560,0,1303,,,,,,,CASCADE R    03.1411,MARBLEMOUNT HATCHERY,SKAGIT R     03.0176,WA,SKAG,UPSK,N,0,0,161560,1303,0
86,N,4.2,20231204,WDFW,WDFW,4,!04P00061973,,,,,,2,,2011,20130419,20130419,3F10208  030435 R02,3F10208  030435 H34,3F10208  030435 S,Y,H,,FR,22.67,,,,,,,5350,68,0,3,,,,,,BO=MIXED(HxW) FOR FSC STUDY.,LK SHANNON (SKAG),BAKER LK HATCHERY,BAKER R      03.0435,WA,SKAG,UPSK,N,0,0,68,3,0
87,N,4.2,20231204,WDFW,WDFW,4,!04P00188613,,,,,,2,,2021,20220606,20220606,3F10208  030435 R02,3F10208  030435 H34,3F10208  030435 S,,H,,FR,1.66,,,,,,,0,59990,,,,,,,,BO=MIXED(HxW),LK SHANNON (SKAG),BAKER LK HATCHERY,BAKER R      03.0435,WA,SKAG,UPSK,N,0,0,0,59990,0
88,T,4.2,20231204,WDFW,WDFW,4,211280,12,,,,,1,2,2017,20180625,20180625,3F10208  032363 R,3F10208  031421 H,3F10208  030176 S,,H,P,FR,5.27,77,,5000,209878,0,1118,5000,547,0,3,,0.0026,,1133,,BO=MIXED(HxW),COUNTY LINE CR3.2363,MARBLEMOUNT HATCHERY,SKAGIT R     03.0176,WA,SKAG,UPSK,N,209878,1118,547,3,0
89,N,4.2,20231204,WDFW,WDFW,4,!04P00141602,,,,,,1,1,2018,20190604,20190613,3F10208  031421 R,3F10208  031421 H,3F10208  031421 S02,,H,,FR,5.77,77,,,,,,5000,183804,0,1296,,,,,,,CLARK CR     03.1421,MARBLEMOUNT HATCHERY,MARBLEMOUNT HATCH,WA,SKAG,UPSK,N,0,0,183804,1296,0
90,N,4.2,20231204,WDFW,WDFW,4,!04P00188614,,,,,,2,,2021,20220606,20220606,3F10208  030435 R02,3F10208  030435 H34,3F10208  030435 S,,H,,FR,1.05,,,,,,,0,18922,,,,,,,,BO=MIXED(HxW),LK SHANNON (SKAG),BAKER LK HATCHERY,BAKER R      03.0435,WA,SKAG,UPSK,N,0,0,0,18922,0
91,N,4.2,20231204,WDFW,WDFW,4,!04P00055983,,,,,,2,,2011,20120530,20120530,3F10208  030435 R02,3F10208  030435 H34,3F10208  030435 S,G,H,,FR,2.39,,,,,,,5000,115371,0,1165,,,,,,BO=MIXED(HxW),LK SHANNON (SKAG),BAKER LK HATCHERY,BAKER R      03.0435,WA,SKAG,UPSK,N,0,0,115371,1165,0
92,N,4.2,20231204,WDFW,WDFW,4,!04P00139499,,,,,,2,,2017,20190501,20190501,3F10208  040435 R01,3F10208  030435 H34,3F10208  030435 S,Y,H,,FR,22.67,125,,,,,,5000,25676,0,259,,,,,,BO=MIXED(HxW),STRESS RELIEF PD 1 (SKAG),BAKER LK HATCHERY,BAKER R      03.0435,WA,SKAG,SKAGG,N,0,0,25676,259,0
93,N,4.2,20231204,WDFW,WDFW,4,!04P00066988,,,,,,2,,2012,20140430,20140430,3F10208  040435 R02,3F10208  030435 H34,3F10208  030435 S,G,H,,FR,21.09,,,,,,,5000,19187,0,799,,,,,,BO=MIXED(HxW),STRESS RELIEF PD 2 (SKAG),BAKER LK HATCHERY,BAKER R      03.0435,WA,SKAG,SKAGG,N,0,0,19187,799,0
94,T,4.2,20231204,WDFW,WDFW,4,210831,0,,,,,1,3,2008,20090617,20090617,3F10208  030435 R,3F10208  031421 H,3F10208  030176 S,,H,,FR,5.15,69,,5000,156592,0,640,5000,2882,,,,0.018,,500,,,BAKER R      03.0435,MARBLEMOUNT HATCHERY,SKAGIT R     03.0176,WA,SKAG,SKAGG,N,156592,640,2882,0,0
95,T,4.2,20231204,WDFW,WDFW,4,632064,13,,,D,4.2004E+12,2,,2002,20040601,20040607,3F10208  031411 R,3F10208  031421 H,3F10208  030176 S,Y,H,,,25.62,135,,5000,31428,0,642,5000,446,0,9,,0.014,,,,20% LOSS FROM FLOOD,CASCADE R    03.1411,MARBLEMOUNT HATCHERY,SKAGIT R     03.0176,WA,SKAG,UPSK,N,31428,642,446,9,0
96,N,4.2,20231204,WDFW,WDFW,4,!04P00137864,,,,,,2,,2018,20190411,20190411,3F10208  030435 R02,3F10208  030435 H34,3F10208  030435 S,,H,,FR,1.58,,,,,,,0,33953,,,,,,,,BO=MIXED(HxW),LK SHANNON (SKAG),BAKER LK HATCHERY,BAKER R      03.0435,WA,SKAG,UPSK,N,0,0,0,33953,0
97,N,4.2,20231204,WDFW,WDFW,4,!04P00139500,,,,,,2,,2017,20190501,20190501,3F10208  040435 R01,3F10208  030435 H34,3F10208  030435 S,Y,H,,FR,22.67,125,,,,,,5000,26564,0,268,,,,,,BO=MIXED(HxW),STRESS RELIEF PD 1 (SKAG),BAKER LK HATCHERY,BAKER R      03.0435,WA,SKAG,SKAGG,N,0,0,26564,268,0
98,N,4.2,20231204,WDFW,WDFW,4,!04P00108603,,,,,,2,,2015,20170508,20170508,3F10208  031411 R,3F10208  031421 H,3F10208  030176 S,Y,H,,VO,30.23,140,,,,,,5000,180830,,,,,,,,BO=MIXED(HxW),CASCADE R    03.1411,MARBLEMOUNT HATCHERY,SKAGIT R     03.0176,WA,SKAG,UPSK,N,0,0,180830,0,0
99,N,4.2,20231204,WDFW,WDFW,4,!04P00110140,,,,,,2,,2016,20170607,20170607,3F10208  030435 R02,3F10208  030435 H34,3F10208  030435 S,,H,,FR,1.73,,,,,,,0,166931,,,,,,,,BO=MIXED(HxW),LK SHANNON (SKAG),BAKER LK HATCHERY,BAKER R      03.0435,WA,SKAG,UPSK,N,0,0,0,166931,0
100,T,4.2,20231204,WDFW,WDFW,4,633364,12,,,,,1,1,2005,20060615,20060615,3F10208  031411 R,3F10208  031421 H,3F10208  030176 S,,H,P,,5.03,75,,5000,249673,,,5000,2522,,,,0.01,,,,,CASCADE R    03.1411,MARBLEMOUNT HATCHERY,SKAGIT R     03.0176,WA,SKAG,UPSK,N,249673,0,2522,0,0
101,N,4.2,20231204,WDFW,WDFW,4,!04P00024485,,,,,,2,,2010,20120202,20120210,3F10208  030117 R,3F10208  031421 H,3F10208  030176 S,G,H,,FR,18.14,107,,,,,,5000,69727,0,273,,,,,,BO=MIXED(HxW),TELEGRAPH SLOUGH 03.0117,MARBLEMOUNT HATCHERY,SKAGIT R     03.0176,WA,NOWA,BESA,N,0,0,69727,273,0
102,N,4.2,20231204,WDFW,WDFW,4,!04P00139497,,,,,,2,,2017,20190501,20190501,3F10208  040435 R01,3F10208  030435 H34,3F10208  030435 S,Y,H,,FR,22.67,125,,,,,,5000,26167,0,264,,,,,,BO=MIXED(HxW),STRESS RELIEF PD 1 (SKAG),BAKER LK HATCHERY,BAKER R      03.0435,WA,SKAG,SKAGG,N,0,0,26167,264,0
103,T,4.2,20231204,WDFW,WDFW,4,631107,11,,,D,4.2E+12,2,,1998,20000523,20000524,3F10208  031411 R,3F10208  031421 H,3F10208  030176 S,Y,H,,,25.19,133,,5000,40398,,,5000,711,,,,0.0173,,,,,CASCADE R    03.1411,MARBLEMOUNT HATCHERY,SKAGIT R     03.0176,WA,SKAG,UPSK,N,40398,0,711,0,0
104,N,4.2,20231204,WDFW,WDFW,4,!04P00000441,,,,,,2,,2010,20110525,20110525,3F10208  030435 R23,3F10208  030435 H34,3F10208  030435 S,,H,,FR,1.57,,,,,,,0,75000,,,,,,,,BO=MIXED(HxW),BAKER LK@SULPHUR CR,BAKER LK HATCHERY,BAKER R      03.0435,WA,SKAG,SKAGG,N,0,0,0,75000,0
105,N,4.2,20231204,WDFW,WDFW,4,!04P00026183,,,,,,2,,2010,20110608,20110608,3F10208  030435 R23,3F10208  030435 H34,3F10208  030435 S,G,H,,FR,2.96,,,,,,,0,151302,,,,,,,,BO=MIXED(HxW) NON PROGRAM FRY INTO LAKE SHANNON,BAKER LK@SULPHUR CR,BAKER LK HATCHERY,BAKER R      03.0435,WA,SKAG,SKAGG,N,0,0,0,151302,0
106,N,4.2,20231204,WDFW,WDFW,4,!04P00161613,,,,,,2,,2019,20200522,20200522,3F10208  030435 R02,3F10208  030435 H34,3F10208  030435 S,,H,,FR,1.71,,,,,,,0,4065,,,,,,,,BO=MIXED(HxW),LK SHANNON (SKAG),BAKER LK HATCHERY,BAKER R      03.0435,WA,SKAG,UPSK,N,0,0,0,4065,0
107,N,4.2,20231204,WDFW,WDFW,4,!04P00001398,,,,,,2,,2000,20020516,20020517,3F10208  031411 R,3F10208  031421 H,3F10208  030176 S,Y,H,,,26.91,128,,,,,,5000,7836,0,259,,,,,,,CASCADE R    03.1411,MARBLEMOUNT HATCHERY,SKAGIT R     03.0176,WA,SKAG,UPSK,N,0,0,7836,259,0
108,N,4.2,20231204,WDFW,WDFW,4,!04P00173795,,,,,,2,,2020,20210504,20210504,3F10208  030435 R02,3F10208  030435 H34,3F10208  030435 S,,H,,FR,1.42,,,,,,,0,18000,,,,,,,,BO=MIXED(HxW),LK SHANNON (SKAG),BAKER LK HATCHERY,BAKER R      03.0435,WA,SKAG,UPSK,N,0,0,0,18000,0
109,T,4.2,20231204,WDFW,WDFW,4,636781,12,,,,,1,1,2014,20150601,20150601,3F10208  031411 R,3F10208  031421 H,3F10208  030176 S,,H,P,FR,6.47,89,,5000,73638,0,429,5000,430,0,3,,0.0058,,345,,,CASCADE R    03.1411,MARBLEMOUNT HATCHERY,SKAGIT R     03.0176,WA,SKAG,UPSK,N,73638,429,430,3,0
110,N,4.2,20231204,WDFW,WDFW,4,!04P00027817,,,,,,2,,1998,20000216,20000216,3F10107  030102 R,3F10208  031421 H,3F10208  030176 S,Y,H,,,15.11,108,,,,,,5000,116160,0,560,,,,,,,INDIAN SLOUGH 3.0102,MARBLEMOUNT HATCHERY,SKAGIT R     03.0176,WA,SKAG,LOSK,N,0,0,116160,560,0
111,N,4.2,20231204,WDFW,WDFW,4,!04P00003371,,,,,,2,,2003,20050216,20050217,3F10107  030102 R,3F10208  031421 H,3F10208  030176 S,Y,H,,,18.89,114,,,,,,5000,104156,0,1844,,,,,,,INDIAN SLOUGH 3.0102,MARBLEMOUNT HATCHERY,SKAGIT R     03.0176,WA,SKAG,LOSK,N,0,0,104156,1844,0
112,N,4.2,20231204,WDFW,WDFW,4,!04P00025106,,,,,,2,,1999,20010521,20010521,3F10208  031411 R,3F10208  031421 H,3F10208  030176 S,Y,H,,,27.49,135,,,,,,5000,93952,0,949,,,,,,,CASCADE R    03.1411,MARBLEMOUNT HATCHERY,SKAGIT R     03.0176,WA,SKAG,UPSK,N,0,0,93952,949,0
113,N,4.2,20231204,WDFW,WDFW,4,!04P00011287,,,,,,2,,2008,20100211,20100226,3F10208  030117 R,3F10208  031421 H,3F10208  030176 S,G,H,,FR,18.89,124,,,,,,5000,49700,0,300,,,,,,,TELEGRAPH SLOUGH 03.0117,MARBLEMOUNT HATCHERY,SKAGIT R     03.0176,WA,NOWA,BESA,N,0,0,49700,300,0
114,T,4.2,20231204,WDFW,WDFW,4,631254,11,,,D,4.2003E+12,2,,2001,20030529,20030530,3F10208  031411 R,3F10208  031421 H,3F10208  030176 S,Y,H,,,28.34,135,,0,7472,,,0,118,,,,0.0155,,,,,CASCADE R    03.1411,MARBLEMOUNT HATCHERY,SKAGIT R     03.0176,WA,SKAG,UPSK,N,0,7472,0,118,0
115,T,4.2,20231204,WDFW,WDFW,4,631259,11,,,D,4.2003E+12,2,,2001,20030529,20030530,3F10208  031411 R,3F10208  031421 H,3F10208  030176 S,Y,H,,,27.65,135,,5000,11240,0,72,5000,68,,,,0.006,,,,,CASCADE R    03.1411,MARBLEMOUNT HATCHERY,SKAGIT R     03.0176,WA,SKAG,UPSK,N,11240,72,68,0,0
116,N,4.2,20231204,WDFW,WDFW,4,!04P00000409,,,,,,1,1,2002,20030410,20030410,3F10208  030176 R,3F10208  031421 H,3F10208  030176 S,,H,,,3.77,,,,,,,0,598,,,,,,,,RELEASED TO CHECK TRAP EFFICENCY,SKAGIT R     03.0176,MARBLEMOUNT HATCHERY,SKAGIT R     03.0176,WA,SKAG,SKAGG,N,0,0,0,598,0
117,T,4.2,20231204,WDFW,WDFW,4,631767,12,,,,,1,1,2002,20030603,20030604,3F10208  031411 R,3F10208  031421 H,3F10208  030176 S,,H,P,,6.67,88,,5000,249812,0,2523,,,,,,,,,,,CASCADE R    03.1411,MARBLEMOUNT HATCHERY,SKAGIT R     03.0176,WA,SKAG,UPSK,N,249812,2523,0,0,0
118,T,4.2,20231204,WDFW,WDFW,4,632090,13,,,D,4.2004E+12,2,,2002,20040601,20040607,3F10208  031411 R,3F10208  031421 H,3F10208  030176 S,Y,H,,,25.62,135,,5000,11046,0,65,5000,64,,,,0.0058,,,,20% LOSS FROM FLOOD,CASCADE R    03.1411,MARBLEMOUNT HATCHERY,SKAGIT R     03.0176,WA,SKAG,UPSK,N,11046,65,64,0,0
119,N,4.2,20231204,WDFW,WDFW,4,!04P00123954,,,,,,2,,2016,20180501,20180503,3F10208  031411 R,3F10208  031421 H,3F10208  030176 S,Y,H,,VO,28.34,139,,,,,,5000,200535,0,745,,,,,,BO=MIXED(HxW),CASCADE R    03.1411,MARBLEMOUNT HATCHERY,SKAGIT R     03.0176,WA,SKAG,UPSK,N,0,0,200535,745,0
120,T,4.2,20231204,WDFW,WDFW,4,631069,13,,,D,4.2003E+12,2,,2001,20030529,20030530,3F10208  031411 R,3F10208  031421 H,3F10208  030176 S,Y,H,,,28.34,135,,0,6887,,,0,42,,,,0.006,,,,,CASCADE R    03.1411,MARBLEMOUNT HATCHERY,SKAGIT R     03.0176,WA,SKAG,UPSK,N,0,6887,0,42,0
121,N,4.2,20231204,WDFW,WDFW,4,!04P00182516,,,,,,2,,2020,20211115,20211115,3F10208  030435 R02,3F10208  030435 H34,3F10208  030435 S,G,H,,FR,9.92,95,,,,,,5000,22784,0,396,,,,,,BO=MIXED(HxW),LK SHANNON (SKAG),BAKER LK HATCHERY,BAKER R      03.0435,WA,SKAG,UPSK,N,0,0,22784,396,0
122,T,4.2,20231204,WDFW,WDFW,4,631490,13,,,D,4.2003E+12,2,,2001,20030529,20030530,3F10208  031411 R,3F10208  031421 H,3F10208  030176 S,Y,H,,,27.65,13,,5000,29845,0,241,5000,734,0,6,,0.024,,,,,CASCADE R    03.1411,MARBLEMOUNT HATCHERY,SKAGIT R     03.0176,WA,SKAG,UPSK,N,29845,241,734,6,0
123,N,4.2,20231204,WDFW,WDFW,4,!04P00141410,,,,,,2,,2018,20190528,20190528,3F10208  030435 R02,3F10208  030435 H34,3F10208  030435 S,,H,,FR,0.98,,,,,,,0,51975,,,,,,,,BO=MIXED(HxW),LK SHANNON (SKAG),BAKER LK HATCHERY,BAKER R      03.0435,WA,SKAG,UPSK,N,0,0,0,51975,0
124,T,4.2,20231204,WDFW,WDFW,4,630768,13,,,D,4.2001E+12,1,1,2000,20010604,20010605,3F10208  031411 R,3F10208  031421 H,3F10208  030176 S,,H,P,,5.53,79,,5000,15689,0,32,5000,63,,,,0.004,,,,,CASCADE R    03.1411,MARBLEMOUNT HATCHERY,SKAGIT R     03.0176,WA,SKAG,UPSK,N,15689,32,63,0,0
125,T,4.2,20231204,WDFW,WDFW,4,630949,13,,,D,4.2002E+12,2,,2000,20020516,20020517,3F10208  031411 R,3F10208  031421 H,3F10208  030176 S,Y,H,,,26.91,128,,0,10935,,,0,65,,,,0.0059,,,,,CASCADE R    03.1411,MARBLEMOUNT HATCHERY,SKAGIT R     03.0176,WA,SKAG,UPSK,N,0,10935,0,65,0
126,N,4.2,20231204,WDFW,WDFW,4,!04P00002622,,,,,,2,,2011,20130415,20130416,3F10208  040435 R01,3F10208  030435 H34,3F10208  030435 S,G,H,,VO,19.21,,,,,,,5000,53793,0,2241,,,,,,BO=MIXED(HxW),STRESS RELIEF PD 1 (SKAG),BAKER LK HATCHERY,BAKER R      03.0435,WA,SKAG,SKAGG,N,0,0,53793,2241,0
127,T,4.2,20231204,WDFW,WDFW,4,631412,12,,,D,4.2003E+12,1,1,2001,20030425,20030425,3F10208  031411 R,3F10208  031421 H,3F10208  030176 S,Y,H,,,34.89,143,,0,72996,,,0,827,,,,0.0112,,,,,CASCADE R    03.1411,MARBLEMOUNT HATCHERY,SKAGIT R     03.0176,WA,SKAG,UPSK,N,0,72996,0,827,0
128,N,4.2,20231204,WDFW,WDFW,4,!04P00004032,,,,,,2,,2010,20120411,20120411,3F10208  030435 R11,3F10208  030435 H34,3F10208  030435 S,Y,H,,FR,26.37,,,,,,,5000,5038,0,103,,,,,,BO=MIXED(HxW),BAKER LK@CPLANE RAMP,BAKER LK HATCHERY,BAKER R      03.0435,WA,SKAG,UPSK,N,0,0,5038,103,0
129,N,4.2,20231204,WDFW,WDFW,4,!04P00183661,,,,,,2,,2020,20211115,20211115,3F10208  030435 R02,3F10208  030435 H34,3F10208  030435 S,G,H,,FR,9.79,95,,,,,,5000,21615,0,376,,,,,,BO=MIXED(HxW),LK SHANNON (SKAG),BAKER LK HATCHERY,BAKER R      03.0435,WA,SKAG,UPSK,N,0,0,21615,376,0
130,T,4.2,20231204,WDFW,WDFW,4,630946,11,,,D,4.2002E+12,2,,2000,20020516,20020517,3F10208  031411 R,3F10208  031421 H,3F10208  030176 S,Y,H,,,26.91,128,,5000,10783,0,136,5000,90,0,1,,0.0083,,,,,CASCADE R    03.1411,MARBLEMOUNT HATCHERY,SKAGIT R     03.0176,WA,SKAG,UPSK,N,10783,136,90,1,0
131,T,4.2,20231204,WDFW,WDFW,4,632091,13,,,D,4.2004E+12,2,,2002,20040601,20040607,3F10208  031411 R,3F10208  031421 H,3F10208  030176 S,Y,H,,,25.62,135,,5000,10861,0,45,5000,91,,,,0.0083,,,,20% LOSS FROM FLOOD,CASCADE R    03.1411,MARBLEMOUNT HATCHERY,SKAGIT R     03.0176,WA,SKAG,UPSK,N,10861,45,91,0,0
132,N,4.2,20231204,WDFW,WDFW,4,!04P00174181,,,,,,2,,2020,20210518,20210518,3F10208  030435 R02,3F10208  030435 H34,3F10208  030435 S,,H,,FR,0.99,,,,,,,0,68627,,,,,,,,BO=MIXED(HxW),LK SHANNON (SKAG),BAKER LK HATCHERY,BAKER R      03.0435,WA,SKAG,UPSK,N,0,0,0,68627,0
133,T,4.2,20231204,WDFW,WDFW,4,632092,13,,,D,4.2004E+12,2,,2002,20040601,20040607,3F10208  031411 R,3F10208  031421 H,3F10208  030176 S,Y,H,,,25.62,135,,0,10967,,,0,163,,,,0.0146,,,,20% LOSS FROM FLOOD,CASCADE R    03.1411,MARBLEMOUNT HATCHERY,SKAGIT R     03.0176,WA,SKAG,UPSK,N,0,10967,0,163,0
134,N,4.2,20231204,WDFW,WDFW,4,!04P00051177,,,,,,2,,2005,20070205,20070207,3F10107  030102 R,3F10208  031421 H,3F10208  030176 S,Y,H,,,18.14,112,,,,,,5000,99158,0,842,,,,,,,INDIAN SLOUGH 3.0102,MARBLEMOUNT HATCHERY,SKAGIT R     03.0176,WA,SKAG,LOSK,N,0,0,99158,842,0
135,T,4.2,20231204,WDFW,WDFW,4,637497,12,,,,,1,1,2018,20190604,20190613,3F10208  031421 R,3F10208  031421 H,3F10208  031421 S02,,H,P,FR,5.77,77,,5000,76923,0,177,,,,,,,,862,,,CLARK CR     03.1421,MARBLEMOUNT HATCHERY,MARBLEMOUNT HATCH,WA,SKAG,UPSK,N,76923,177,0,0,0
136,T,4.2,20231204,WDFW,WDFW,4,633197,13,,,D,4.2006E+12,2,,2004,20060519,20060522,3F10208  031411 R,3F10208  031421 H,3F10208  030176 S,Y,H,,,26.68,119,,0,41300,,,0,178,,,,0.0043,,,,USED INITIAL QC,CASCADE R    03.1411,MARBLEMOUNT HATCHERY,SKAGIT R     03.0176,WA,SKAG,UPSK,N,0,41300,0,178,0
137,T,4.2,20231204,WDFW,WDFW,4,631998,13,,,D,4.2004E+12,2,,2002,20040601,20040607,3F10208  031411 R,3F10208  031421 H,3F10208  030176 S,Y,H,,,25.62,135,,5000,29590,0,542,5000,481,0,9,,0.016,,,,20% LOSS FROM FLOOD,CASCADE R    03.1411,MARBLEMOUNT HATCHERY,SKAGIT R     03.0176,WA,SKAG,UPSK,N,29590,542,481,9,0
138,T,4.2,20231204,WDFW,WDFW,4,631999,13,,,D,4.2004E+12,2,,2002,20040601,20040607,3F10208  031411 R,3F10208  031421 H,3F10208  030176 S,Y,H,,,25.62,135,,5000,29421,0,1036,5000,237,0,8,,0.008,,,,20% LOSS FROM FLOOD,CASCADE R    03.1411,MARBLEMOUNT HATCHERY,SKAGIT R     03.0176,WA,SKAG,UPSK,N,29421,1036,237,8,0
139,T,4.2,20231204,WDFW,WDFW,4,632273,12,,,D,4.2005E+12,1,1,2003,20050429,20050430,3F10208  031411 R,3F10208  031421 H,3F10208  030176 S,Y,H,,,38.11,143,,5000,74590,0,142,5000,142,,,,0.0019,,,,,CASCADE R    03.1411,MARBLEMOUNT HATCHERY,SKAGIT R     03.0176,WA,SKAG,UPSK,N,74590,142,142,0,0
140,T,4.2,20231204,WDFW,WDFW,4,632094,13,,,D,4.2004E+12,2,,2002,20040601,20040607,3F10208  031411 R,3F10208  031421 H,3F10208  030176 S,Y,H,,,25.62,135,,0,10878,,,0,213,,,,0.0192,,,,20% LOSS FROM FLOOD,CASCADE R    03.1411,MARBLEMOUNT HATCHERY,SKAGIT R     03.0176,WA,SKAG,UPSK,N,0,10878,0,213,0
141,N,4.2,20231204,WDFW,WDFW,4,!04P00033591,16,,,,,1,1,2005,20070405,20070405,3F10208  031411 R,3F10208  031421 H,3F10208  030176 S,Y,H,,,37.79,143,,,,,,5000,126446,,,,,,,,,CASCADE R    03.1411,MARBLEMOUNT HATCHERY,SKAGIT R     03.0176,WA,SKAG,UPSK,N,0,0,126446,0,0
142,N,4.2,20231204,WDFW,WDFW,4,!04P00057648,,,,,,2,,2012,20130506,20130506,3F10208  030435 R02,3F10208  030435 H34,3F10208  030435 S,,H,,FR,0.62,,,,,,,0,1000,,,,,,,,BO=MIXED(HxW) RELEASED INTO LAKE SHANNON FOR FTOT FRY STUDY,LK SHANNON (SKAG),BAKER LK HATCHERY,BAKER R      03.0435,WA,SKAG,UPSK,N,0,0,0,1000,0
143,N,4.2,20231204,WDFW,WDFW,4,!04P00123801,,,,,,2,,2016,20180502,20180502,3F10208  040435 R01,3F10208  030435 H34,3F10208  030435 S,G,H,,FR,18.07,117,,,,,,5000,62022,0,2584,,,,,,BO=MIXED(HxW) THREE TRIPS WITH FULL BAG OF SALT EACH LOAD AND SALT IN THE POND.,STRESS RELIEF PD 1 (SKAG),BAKER LK HATCHERY,BAKER R      03.0435,WA,SKAG,SKAGG,N,0,0,62022,2584,0
144,N,4.2,20231204,WDFW,WDFW,4,!04P00141409,,,,,,2,,2018,20190528,20190528,3F10208  030435 R02,3F10208  030435 H34,3F10208  030435 S,,H,,FR,1.53,,,,,,,0,52034,,,,,,,,BO=MIXED(HxW),LK SHANNON (SKAG),BAKER LK HATCHERY,BAKER R      03.0435,WA,SKAG,UPSK,N,0,0,0,52034,0
145,T,4.2,20231204,WDFW,WDFW,4,632875,12,,,O,4.2005E+12,1,1,2004,20050606,20050606,3F10208  031411 R,3F10208  031421 H,3F10208  030176 S,,H,P,,6.57,83,,5000,99940,0,243,5000,1227,,,,0.0121,,,,,CASCADE R    03.1411,MARBLEMOUNT HATCHERY,SKAGIT R     03.0176,WA,SKAG,UPSK,N,99940,243,1227,0,0
146,T,4.2,20231204,WDFW,WDFW,4,631091,13,,,,,2,,2000,20020516,20020517,3F10208  031411 R,3F10208  031421 H,3F10208  030176 S,Y,H,,,26.91,128,,5000,30091,,,5000,121,,,,0.004,,,,,CASCADE R    03.1411,MARBLEMOUNT HATCHERY,SKAGIT R     03.0176,WA,SKAG,UPSK,N,30091,0,121,0,0
147,N,4.2,20231204,WDFW,WDFW,4,!04P00042257,,,,,,2,,2010,20120202,20120210,3F10208  030117 R,3F10208  031421 H,3F10208  030176 S,G,H,,FR,18.14,107,,,,,,5000,34863,0,137,,,,,,BO=MIXED(HxW),TELEGRAPH SLOUGH 03.0117,MARBLEMOUNT HATCHERY,SKAGIT R     03.0176,WA,NOWA,BESA,N,0,0,34863,137,0
148,T,4.2,20231204,WDFW,WDFW,4,635769,12,,,,,1,1,2010,20110613,20110613,3F10208  031411 R,3F10208  031421 H,3F10208  030176 S,,H,P,FR,5.74,78,,5000,250541,0,1269,5000,2031,,,,0.008,,1003,,,CASCADE R    03.1411,MARBLEMOUNT HATCHERY,SKAGIT R     03.0176,WA,SKAG,UPSK,N,250541,1269,2031,0,0
149,N,4.2,20231204,WDFW,WDFW,4,!04P00183647,,,,,,2,,2018,20200501,20200501,3F10208  031411 R,3F10208  031421 H,3F10208  030176 S,Y,H,,VO,24.51,118,,,,,,5000,441612,0,3337,,,,,,BO=MIXED(HxW),CASCADE R    03.1411,MARBLEMOUNT HATCHERY,SKAGIT R     03.0176,WA,SKAG,UPSK,N,0,0,441612,3337,0
150,N,4.2,20231204,WDFW,WDFW,4,!04P00169810,,,,,,1,1,2019,20200612,20200612,3F10208  031411 R,3F10208  031421 H,3F10208  031421 S02,,H,,FR,6.38,80,,,,,,5000,110213,0,576,,,,,,,CASCADE R    03.1411,MARBLEMOUNT HATCHERY,MARBLEMOUNT HATCH,WA,SKAG,UPSK,N,0,0,110213,576,0
151,T,4.2,20231204,WDFW,WDFW,4,636578,12,,,,,1,1,2012,20130610,20130610,3F10208  031411 R,3F10208  031421 H,3F10208  030176 S,,H,P,VO,6.21,85,,5000,77500,,,,,,,,,,503,,,CASCADE R    03.1411,MARBLEMOUNT HATCHERY,SKAGIT R     03.0176,WA,SKAG,UPSK,N,77500,0,0,0,0
152,N,4.2,20231204,WDFW,WDFW,4,!04P00153601,,,,,,2,,2018,20200429,20200429,3F10208  040435 R01,3F10208  030435 H34,3F10208  030435 S,G,H,,FR,21.39,123,,,,,,5000,22030,0,191,,,,,,BO=MIXED(HxW),STRESS RELIEF PD 1 (SKAG),BAKER LK HATCHERY,BAKER R      03.0435,WA,SKAG,SKAGG,N,0,0,22030,191,0
153,N,4.2,20231204,WDFW,WDFW,4,!04P00038543,,,,,,2,,2012,20130514,20130514,3F10208  030435 R02,3F10208  030435 H34,3F10208  030435 S,,H,,FR,0.79,,,,,,,0,500,,,,,,,,BO=MIXED(HxW) RELEASED INTO LAKE SHANNON FOR FTOT FRY STUDY.,LK SHANNON (SKAG),BAKER LK HATCHERY,BAKER R      03.0435,WA,SKAG,UPSK,N,0,0,0,500,0
154,N,4.2,20231204,WDFW,WDFW,4,!04P00001284,,,,,,1,2,2012,20130619,20130619,3F10208  032363 R,3F10208  031421 H,3F10208  030176 S,,H,,VO,4.77,76,,,,,,5000,824,,,,,,,,BO=MIXED(HxW),COUNTY LINE CR3.2363,MARBLEMOUNT HATCHERY,SKAGIT R     03.0176,WA,SKAG,UPSK,N,0,0,824,0,0
155,N,4.2,20231204,WDFW,WDFW,4,!04P00176775,,,,,,1,1,2020,20210628,20210628,3F10208  031411 R,3F10208  031421 H,3F10208  031421 S02,,H,,FR,3.81,68,,,,,,5000,85388,0,976,,,,,,,CASCADE R    03.1411,MARBLEMOUNT HATCHERY,MARBLEMOUNT HATCH,WA,SKAG,UPSK,N,0,0,85388,976,0
156,T,4.2,20231204,WDFW,WDFW,4,631256,11,,,D,4.2003E+12,2,,2001,20030529,20030530,3F10208  031411 R,3F10208  031421 H,3F10208  030176 S,Y,H,,,27.65,135,,0,9063,,,0,82,,,,0.009,,,,,CASCADE R    03.1411,MARBLEMOUNT HATCHERY,SKAGIT R     03.0176,WA,SKAG,UPSK,N,0,9063,0,82,0
157,T,4.2,20231204,WDFW,WDFW,4,210908,0,,,,,1,2,2009,20100528,20100528,3F10208  031853BR,3F10208  031421 H,3F10208  030176 S,,H,,VO,3.19,66,,5000,206128,0,2534,5000,2534,,,,0.012,,500,,BO=MIXED(HxW) PUT INTO COUNTY LINE POND ON 5/26/2010 SCREEN PULLED ON 5/28/2010,CO LINE PD2 03.1853B,MARBLEMOUNT HATCHERY,SKAGIT R     03.0176,WA,SKAG,UPSK,N,206128,2534,2534,0,0
158,N,4.2,20231204,WDFW,WDFW,4,!04P00008637,,,,,,1,1,2011,20120615,20120615,3F10208  031411 R,3F10208  031421 H,3F10208  030176 S,,H,,FR,5.66,81,,,,,,5000,99765,0,401,,,,,,,CASCADE R    03.1411,MARBLEMOUNT HATCHERY,SKAGIT R     03.0176,WA,SKAG,UPSK,N,0,0,99765,401,0
159,N,4.2,20231204,WDFW,WDFW,4,!04P00187120,,,,,,2,,2021,20220511,20220511,3F10208  030435 R02,3F10208  030435 H34,3F10208  030435 S,,H,,FR,1.24,,,,,,,0,69991,,,,,,,,BO=MIXED(HxW),LK SHANNON (SKAG),BAKER LK HATCHERY,BAKER R      03.0435,WA,SKAG,UPSK,N,0,0,0,69991,0
160,T,4.2,20231204,WDFW,WDFW,4,631411,12,,,D,4.2003E+12,1,1,2001,20030425,20030425,3F10208  031411 R,3F10208  031421 H,3F10208  030176 S,Y,H,,,34.89,143,,5000,76597,0,154,5000,154,,,,0.002,,,,,CASCADE R    03.1411,MARBLEMOUNT HATCHERY,SKAGIT R     03.0176,WA,SKAG,UPSK,N,76597,154,154,0,0
161,N,4.2,20231204,WDFW,WDFW,4,!04P00110040,,,,,,2,,2016,20170523,20170523,3F10208  030435 R02,3F10208  030435 H34,3F10208  030435 S,,H,,FR,1.51,,,,,,,0,32736,,,,,,,,BO=MIXED(HxW),LK SHANNON (SKAG),BAKER LK HATCHERY,BAKER R      03.0435,WA,SKAG,UPSK,N,0,0,0,32736,0
162,N,4.2,20231204,WDFW,WDFW,4,!04P00110041,,,,,,2,,2016,20170523,20170523,3F10208  030435 R02,3F10208  030435 H34,3F10208  030435 S,,H,,FR,1.51,,,,,,,0,28732,,,,,,,,BO=MIXED(HxW),LK SHANNON (SKAG),BAKER LK HATCHERY,BAKER R      03.0435,WA,SKAG,UPSK,N,0,0,0,28732,0
163,N,4.2,20231204,WDFW,WDFW,4,!04P00085177,,,,,,2,,2013,20150325,20150325,3F10208  030435 R02,3F10208  030435 H34,3F10208  030435 S,G,H,,FR,20.43,114,,,,,,5350,3149,0,131,,,,,,BO=MIXED(HxW),LK SHANNON (SKAG),BAKER LK HATCHERY,BAKER R      03.0435,WA,SKAG,UPSK,N,0,0,3149,131,0
164,T,4.2,20231204,WDFW,WDFW,4,631489,13,,,D,4.2003E+12,2,,2001,20030529,20030530,3F10208  031411 R,3F10208  031421 H,3F10208  030176 S,Y,H,,,27.65,13,,5000,29310,0,177,5000,659,0,4,,0.022,,,,,CASCADE R    03.1411,MARBLEMOUNT HATCHERY,SKAGIT R     03.0176,WA,SKAG,UPSK,N,29310,177,659,4,0
165,T,4.2,20231204,WDFW,WDFW,4,211387,12,,,,,1,2,2019,20200615,20200615,3F10208  031853 R01,3F10208  031421 H,3F10208  030176 S,,H,P,VO,4.36,74,,5000,202045,0,588,5000,1363,0,4,,0.0067,,1038,,BO=MIXED(HxW),CO LINE SLU 03.1853A,MARBLEMOUNT HATCHERY,SKAGIT R     03.0176,WA,SKAG,UPSK,N,202045,588,1363,4,0
166,N,4.2,20231204,WDFW,WDFW,4,!04P00174180,,,,,,2,,2020,20210518,20210518,3F10208  030435 R02,3F10208  030435 H34,3F10208  030435 S,,H,,FR,1.66,,,,,,,0,72985,,,,,,,,BO=MIXED(HxW),LK SHANNON (SKAG),BAKER LK HATCHERY,BAKER R      03.0435,WA,SKAG,UPSK,N,0,0,0,72985,0
167,T,4.2,20231204,WDFW,WDFW,4,632391,12,,,O,4.2005E+12,1,1,2004,20050606,20050606,3F10208  031411 R,3F10208  031421 H,3F10208  030176 S,,H,,,6.57,83,,5000,154486,,,5000,294,,,,0.0019,,,,,CASCADE R    03.1411,MARBLEMOUNT HATCHERY,SKAGIT R     03.0176,WA,SKAG,UPSK,N,154486,0,294,0,0
168,T,4.2,20231204,WDFW,WDFW,4,211165,12,,,,,1,2,2015,20160610,20160610,3F10208  031853BR,3F10208  031421 H,3F10208  030176 S,,H,P,VO,4.53,77,,5000,226381,0,454,5000,454,0,1,,0.002,,500,,BO=MIXED(HxW),CO LINE PD2 03.1853B,MARBLEMOUNT HATCHERY,SKAGIT R     03.0176,WA,SKAG,UPSK,N,226381,454,454,1,0
169,T,4.2,20231204,WDFW,WDFW,4,632088,13,,,D,4.2004E+12,2,,2002,20040601,20040607,3F10208  031411 R,3F10208  031421 H,3F10208  030176 S,Y,H,,,25.62,135,,5000,10781,0,87,5000,87,0,1,,0.008,,,,20% LOSS FROM FLOOD,CASCADE R    03.1411,MARBLEMOUNT HATCHERY,SKAGIT R     03.0176,WA,SKAG,UPSK,N,10781,87,87,1,0
170,T,4.2,20231204,WDFW,WDFW,4,631491,13,,,D,4.2003E+12,2,,2001,20030529,20030530,3F10208  031411 R,3F10208  031421 H,3F10208  030176 S,Y,H,,,27.65,13,,5000,31445,0,318,5000,126,0,1,,0.004,,,,,CASCADE R    03.1411,MARBLEMOUNT HATCHERY,SKAGIT R     03.0176,WA,SKAG,UPSK,N,31445,318,126,1,0
171,T,4.2,20231204,WDFW,WDFW,4,211493,12,,,,,1,2,2020,20210603,20210603,3F10208  031853 R01,3F10208  031421 H,3F10208  030176 S,,H,,FR,5.27,76,,5000,129633,0,260,5000,521,0,1,,0.004,,501,,BO=MIXED(HxW),CO LINE SLU 03.1853A,MARBLEMOUNT HATCHERY,SKAGIT R     03.0176,WA,SKAG,UPSK,N,129633,260,521,1,0
172,T,4.2,20231204,WDFW,WDFW,4,210278,0,,,,,1,3,2007,20080612,20080612,3F10208  030435 R,3F10208  031421 H,3F10208  030176 S,,H,,,4.12,71,,5000,209402,,,,,,,,,,,,BO=W(WILD),BAKER R      03.0435,MARBLEMOUNT HATCHERY,SKAGIT R     03.0176,WA,SKAG,SKAGG,N,209402,0,0,0,0
173,T,4.2,20231204,WDFW,WDFW,4,638002,12,,,D,4.2022E+12,2,,2020,20220501,20220506,3F10208  031411 R,3F10208  031421 H,3F10208  030176 S,Y,H,P,VO,22.67,124,,0,40547,,,0,1254,,,,0.03,,500,,BO=MIXED(HxW),CASCADE R    03.1411,MARBLEMOUNT HATCHERY,SKAGIT R     03.0176,WA,SKAG,UPSK,N,0,40547,0,1254,0
174,T,4.2,20231204,WDFW,WDFW,4,630197,12,,,D,4.2001E+12,1,1,1999,20010423,20010423,3F10208  031411 R,3F10208  031421 H,3F10208  030176 S,Y,H,,,42.39,145,,5000,71246,0,1603,5000,865,0,19,,0.012,,,,,CASCADE R    03.1411,MARBLEMOUNT HATCHERY,SKAGIT R     03.0176,WA,SKAG,UPSK,N,71246,1603,865,19,0
175,T,4.2,20231204,WDFW,WDFW,4,637704,12,,,,,1,1,2019,20200612,20200612,3F10208  031411 R,3F10208  031421 H,3F10208  031421 S02,,H,P,FR,6.38,80,,5000,77830,0,203,5000,407,0,1,,0.0052,,776,,,CASCADE R    03.1411,MARBLEMOUNT HATCHERY,MARBLEMOUNT HATCH,WA,SKAG,UPSK,N,77830,203,407,1,0
176,T,4.2,20231204,WDFW,WDFW,4,212827,0,,,,,1,2,2005,20060523,20060523,3F10208  030176 R,3F10208  031853AH,3F10208  030176 S,,H,,,3.38,66,,5000,5352,0,44,5000,77,,,,0.014,,,,BO=W(WILD),SKAGIT R     03.0176,COUNTY LINE PONDS,SKAGIT R     03.0176,WA,SKAG,SKAGG,N,5352,44,77,0,0
177,T,4.2,20231204,WDFW,WDFW,4,630984,13,,,D,4.2002E+12,2,,2000,20020516,20020517,3F10208  031411 R,3F10208  031421 H,3F10208  030176 S,Y,H,,,26.91,128,,5000,30517,0,863,5000,31,0,1,,0.001,,,,,CASCADE R    03.1411,MARBLEMOUNT HATCHERY,SKAGIT R     03.0176,WA,SKAG,UPSK,N,30517,863,31,1,0
178,T,4.2,20231204,WDFW,WDFW,4,631414,12,,,D,4.2004E+12,1,1,2002,20040405,20040423,3F10208  031411 R,3F10208  031421 H,3F10208  030176 S,Y,H,,,37.79,148,,5000,59777,,,5000,223,,,,0.0037,,,,20% LOSS FROM FLOOD NO QC ON AD,CASCADE R    03.1411,MARBLEMOUNT HATCHERY,SKAGIT R     03.0176,WA,SKAG,UPSK,N,59777,0,223,0,0
179,N,4.2,20231204,WDFW,WDFW,4,!04P00167550,,,,,,2,,2017,20190503,20190503,3F10208  031411 R,3F10208  031421 H,3F10208  030176 S,Y,H,,FR,28.34,134,,,,,,5000,417759,0,2733,,,,,,BO=MIXED(HxW),CASCADE R    03.1411,MARBLEMOUNT HATCHERY,SKAGIT R     03.0176,WA,SKAG,UPSK,N,0,0,417759,2733,0
180,N,4.2,20231204,WDFW,WDFW,4,!04P00172667,,,,,,2,,2019,20210414,20210423,3F10208  031411 R,3F10208  031421 H,3F10208  030176 S,G,H,,VO,16.79,113,,,,,,5000,418677,0,2273,,,,,,BO=MIXED(HxW),CASCADE R    03.1411,MARBLEMOUNT HATCHERY,SKAGIT R     03.0176,WA,SKAG,UPSK,N,0,0,418677,2273,0
181,N,4.2,20231204,WDFW,WDFW,4,!04P00024756,,,,,,2,,2006,20080516,20080516,3F10208  031411 R,3F10208  031421 H,3F10208  030176 S,Y,H,,,26.68,132,,,,,,5000,160137,0,562,,,,,,,CASCADE R    03.1411,MARBLEMOUNT HATCHERY,SKAGIT R     03.0176,WA,SKAG,UPSK,N,0,0,160137,562,0
182,T,4.2,20231204,WDFW,WDFW,4,637713,12,,,D,4.2021E+12,1,1,2019,20210401,20210415,3F10208  031411 R,3F10208  031421 H,3F10208  031421 S02,Y,H,P,VO,29.64,134,,5000,90818,0,484,5000,246,0,1,,0.0027,,1509,,,CASCADE R    03.1411,MARBLEMOUNT HATCHERY,MARBLEMOUNT HATCH,WA,SKAG,UPSK,N,90818,484,246,1,0
183,T,4.2,20231204,WDFW,WDFW,4,631088,13,,,D,4.2002E+12,2,,2000,20020516,20020517,3F10208  031411 R,3F10208  031421 H,3F10208  030176 S,Y,H,,,26.91,128,,5000,31336,0,478,5000,157,0,2,,0.005,,,,,CASCADE R    03.1411,MARBLEMOUNT HATCHERY,SKAGIT R     03.0176,WA,SKAG,UPSK,N,31336,478,157,2,0
184,T,4.2,20231204,WDFW,WDFW,4,633869,12,,,,,1,1,2007,20080605,20080605,3F10208  031411 R,3F10208  031421 H,3F10208  030176 S,,H,O,,6.47,83,,5000,220789,,,5000,436,,,,0.002,,,,,CASCADE R    03.1411,MARBLEMOUNT HATCHERY,SKAGIT R     03.0176,WA,SKAG,UPSK,N,220789,0,436,0,0
185,T,4.2,20231204,WDFW,WDFW,4,630985,13,,,D,4.2002E+12,2,,2000,20020516,20020517,3F10208  031411 R,3F10208  031421 H,3F10208  030176 S,Y,H,,,26.91,128,,5000,29373,0,1875,5000,29,0,2,,0.001,,,,,CASCADE R    03.1411,MARBLEMOUNT HATCHERY,SKAGIT R     03.0176,WA,SKAG,UPSK,N,29373,1875,29,2,0
186,T,4.2,20231204,WDFW,WDFW,4,630986,13,,,D,4.2002E+12,2,,2000,20020516,20020517,3F10208  031411 R,3F10208  031421 H,3F10208  030176 S,Y,H,,,26.91,128,,5000,31113,0,593,5000,31,0,1,,0.001,,,,,CASCADE R    03.1411,MARBLEMOUNT HATCHERY,SKAGIT R     03.0176,WA,SKAG,UPSK,N,31113,593,31,1,0
187,N,4.2,20231204,WDFW,WDFW,4,!04P00172690,,,,,,2,,2019,20210427,20210427,3F10208  040435 R01,3F10208  030435 H34,3F10208  030435 S,G,H,,FR,22.12,124,,,,,,5000,22268,0,193,,,,,,BO=MIXED(HxW),STRESS RELIEF PD 1 (SKAG),BAKER LK HATCHERY,BAKER R      03.0435,WA,SKAG,SKAGG,N,0,0,22268,193,0
188,T,4.2,20231204,WDFW,WDFW,4,637135,12,,,,,1,1,2016,20170602,20170602,3F10208  031411 R,3F10208  031421 H,3F10208  031421 S02,,H,P,VO,6.21,84445,,5000,77525,,,,,,,,,,500,,,CASCADE R    03.1411,MARBLEMOUNT HATCHERY,MARBLEMOUNT HATCH,WA,SKAG,UPSK,N,77525,0,0,0,0
189,N,4.2,20231204,WDFW,WDFW,4,!04P00141408,,,,,,2,,2018,20190528,20190528,3F10208  030435 R02,3F10208  030435 H34,3F10208  030435 S,,H,,FR,1.47,,,,,,,0,51707,,,,,,,,BO=MIXED(HxW),LK SHANNON (SKAG),BAKER LK HATCHERY,BAKER R      03.0435,WA,SKAG,UPSK,N,0,0,0,51707,0
190,T,4.2,20231204,WDFW,WDFW,4,637859,12,,,,,1,1,2020,20210423,20210423,3F10208  031411 R,3F10208  031421 H,3F10208  031421 S02,,H,P,FR,4.12,70,,5000,97982,0,1634,5000,1755,0,29,,0.0176,,1704,,,CASCADE R    03.1411,MARBLEMOUNT HATCHERY,MARBLEMOUNT HATCH,WA,SKAG,UPSK,N,97982,1634,1755,29,0
191,T,4.2,20231204,WDFW,WDFW,4,631258,11,,,D,4.2003E+12,2,,2001,20030529,20030530,3F10208  031411 R,3F10208  031421 H,3F10208  030176 S,Y,H,,,27.65,135,,0,8999,,,0,27,,,,0.003,,,,,CASCADE R    03.1411,MARBLEMOUNT HATCHERY,SKAGIT R     03.0176,WA,SKAG,UPSK,N,0,8999,0,27,0
192,N,4.2,20231204,WDFW,WDFW,4,!04P00063680,,,,,,2,,2011,20130515,20130515,3F10208  031411 R,3F10208  031421 H,3F10208  030176 S,Y,H,,VO,29.07,140,,,,,,5000,165104,0,997,,,,,,BO=MIXED(HxW),CASCADE R    03.1411,MARBLEMOUNT HATCHERY,SKAGIT R     03.0176,WA,SKAG,UPSK,N,0,0,165104,997,0
193,N,4.2,20231204,WDFW,WDFW,4,!04P00083608,,,,,,2,,2013,20150520,20150520,3F10208  031411 R,3F10208  031421 H,3F10208  030176 S,Y,H,,FR,26.68,138,,,,,,5000,159672,0,609,,,,,,BO=MIXED(HxW),CASCADE R    03.1411,MARBLEMOUNT HATCHERY,SKAGIT R     03.0176,WA,SKAG,UPSK,N,0,0,159672,609,0
194,T,4.2,20231204,WDFW,WDFW,4,210789,0,,,,,1,2,2007,20080527,20080527,3F10208  030176 R,3F10208  031853AH,3F10208  030176 S,,H,,,3.33,70,,5000,216200,0,869,5000,868,0,3,,0.004,,,,BO=W(WILD),SKAGIT R     03.0176,COUNTY LINE PONDS,SKAGIT R     03.0176,WA,SKAG,SKAGG,N,216200,869,868,3,0
195,N,4.2,20231204,WDFW,WDFW,4,!04P00018484,,,,,,2,,2011,20130410,20130410,3F10208  030435 R02,3F10208  030435 H34,3F10208  030435 S,G,H,,FR,19.05,,,,,,,5350,2134,0,89,,,,,,BO=MIXED(HxW) FSC FOR FTOT STUDY.,LK SHANNON (SKAG),BAKER LK HATCHERY,BAKER R      03.0435,WA,SKAG,UPSK,N,0,0,2134,89,0
196,T,4.2,20231204,WDFW,WDFW,4,633176,12,,,O,4.2007E+12,1,1,2005,20070405,20070405,3F10208  031411 R,3F10208  031421 H,3F10208  030176 S,Y,H,P,,37.79,143,,5000,74633,,,,,,,,,,,,NO QC,CASCADE R    03.1411,MARBLEMOUNT HATCHERY,SKAGIT R     03.0176,WA,SKAG,UPSK,T,74633,0,0,0,0
197,T,4.2,20231204,WDFW,WDFW,4,634769,12,,,D,4.201E+12,1,1,2008,20100414,20100416,3F10208  031411 R,3F10208  031421 H,3F10208  030176 S,Y,H,P,VO,45.35,168,,5000,76752,0,308,,,,,,,,500,,,CASCADE R    03.1411,MARBLEMOUNT HATCHERY,SKAGIT R     03.0176,WA,SKAG,UPSK,T,76752,308,0,0,0
198,N,4.2,20231204,WDFW,WDFW,4,!04P00002427,,,,,,2,,2008,20100211,20100226,3F10208  030117 R,3F10208  031421 H,3F10208  030176 S,G,H,,FR,18.89,124,,,,,,5000,49700,0,300,,,,,,,TELEGRAPH SLOUGH 03.0117,MARBLEMOUNT HATCHERY,SKAGIT R     03.0176,WA,NOWA,BESA,N,0,0,49700,300,0
199,N,4.2,20231204,WDFW,WDFW,4,!04P00006285,,,,,,2,,2003,20050607,20050607,3F10208  031411 R,3F10208  031421 H,3F10208  030176 S,Y,H,,,19.21,114,,,,,,5000,155559,0,2755,,,,,,,CASCADE R    03.1411,MARBLEMOUNT HATCHERY,SKAGIT R     03.0176,WA,SKAG,UPSK,N,0,0,155559,2755,0
200,N,4.2,20231204,WDFW,WDFW,4,!04P00000067,,,,,,2,,2011,20130409,20130409,3F10208  030435 R02,3F10208  030435 H34,3F10208  030435 S,G,H,,FR,21.29,,,,,,,5350,1980,0,82,,,,,,BO=MIXED(HxW) FOR FSC STUDY.,LK SHANNON (SKAG),BAKER LK HATCHERY,BAKER R      03.0435,WA,SKAG,UPSK,N,0,0,1980,82,0
201,N,4.2,20231204,WDFW,WDFW,4,!04P00028606,,,,,,2,,2009,20110518,20110525,3F10208  031411 R,3F10208  031421 H,3F10208  030176 S,Y,H,,VO,26.68,135,,,,,,5000,164551,,,,,,,,BO=MIXED(HxW),CASCADE R    03.1411,MARBLEMOUNT HATCHERY,SKAGIT R     03.0176,WA,SKAG,UPSK,N,0,0,164551,0,0
202,N,4.2,20231204,WDFW,WDFW,4,!04P00038690,,,,,,2,,2009,20110518,20110525,3F10208  031411 R,3F10208  031421 H,3F10208  030176 S,Y,H,,VO,26.68,135,,,,,,0,5500,,,,,,,,BO=MIXED(HxW),CASCADE R    03.1411,MARBLEMOUNT HATCHERY,SKAGIT R     03.0176,WA,SKAG,UPSK,N,0,0,0,5500,0
203,N,4.2,20231204,WDFW,WDFW,4,!04P00038435,,,,,,2,,2004,20060519,20060522,3F10208  031411 R,3F10208  031421 H,3F10208  030176 S,Y,H,,,26.68,119,,,,,,5000,168011,0,506,,,,,,BIGS AND SMALLS FROM TRAILER,CASCADE R    03.1411,MARBLEMOUNT HATCHERY,SKAGIT R     03.0176,WA,SKAG,UPSK,N,0,0,168011,506,0
204,N,4.2,20231204,WDFW,WDFW,4,!04P00033819,,,,,,2,,1998,20000523,20000524,3F10208  031411 R,3F10208  031421 H,3F10208  030176 S,Y,H,,,25.19,133,,,,,,5000,167307,,,,,,,,,CASCADE R    03.1411,MARBLEMOUNT HATCHERY,SKAGIT R     03.0176,WA,SKAG,UPSK,N,0,0,167307,0,0
205,N,4.2,20231204,WDFW,WDFW,4,!04P00064704,,,,,,2,,2010,20120313,20120313,3F10208  030435 R23,3F10208  030435 H34,3F10208  030435 S,G,H,,FR,17.18,,,,,,,5000,1050,,,,,,,,BO=MIXED(HxW) RELEASED INTO LAKE SHANNON FOR FSC TEST,BAKER LK@SULPHUR CR,BAKER LK HATCHERY,BAKER R      03.0435,WA,SKAG,SKAGG,N,0,0,1050,0,0
206,N,4.2,20231204,WDFW,WDFW,4,!04P00058578,,,,,,2,,2012,20130625,20130625,3F10208  030435 R02,3F10208  030435 H34,3F10208  030435 S,,H,,FR,0.98,,,,,,,0,350,,,,,,,,BO=MIXED(HxW) RELEASED INTO LAKE SHANNON FOR FTOT STUDY,LK SHANNON (SKAG),BAKER LK HATCHERY,BAKER R      03.0435,WA,SKAG,UPSK,N,0,0,0,350,0
207,N,4.2,20231204,WDFW,WDFW,4,!04P00039340,,,,,,2,,2012,20130515,20130515,3F10208  030435 R02,3F10208  030435 H34,3F10208  030435 S,,H,,FR,0.97,,,,,,,0,500,,,,,,,,BO=MIXED(HxW) RELEASED INTO LAKE SHANNON FOR FTOT FRY STUDY,LK SHANNON (SKAG),BAKER LK HATCHERY,BAKER R      03.0435,WA,SKAG,UPSK,N,0,0,0,500,0
208,N,4.2,20231204,WDFW,WDFW,4,!04P00046966,,,,,,2,,2012,20140319,20140319,3F10208  030435 R,3F10208  030435 H34,3F10208  030435 S,G,H,,FR,19.21,,,,,,,5000,1911,0,80,,,,,,BO=MIXED(HxW),BAKER R      03.0435,BAKER LK HATCHERY,BAKER R      03.0435,WA,SKAG,SKAGG,N,0,0,1911,80,0
209,N,4.2,20231204,WDFW,WDFW,4,!04P00060984,,,,,,2,,2002,20040601,20040607,3F10208  031411 R,3F10208  031421 H,3F10208  030176 S,Y,H,,,25.62,135,,,,,,5000,33193,0,298,,,,,,20% LOSS FROM FLOOD,CASCADE R    03.1411,MARBLEMOUNT HATCHERY,SKAGIT R     03.0176,WA,SKAG,UPSK,N,0,0,33193,298,0
210,N,4.2,20231204,WDFW,WDFW,4,!04P00068440,,,,,,2,,2012,20140513,20140516,3F10208  031411 R,3F10208  031421 H,3F10208  030176 S,Y,H,,VO,32.39,141,,,,,,5000,163767,0,542,,,,,,BO=MIXED(HxW),CASCADE R    03.1411,MARBLEMOUNT HATCHERY,SKAGIT R     03.0176,WA,SKAG,UPSK,N,0,0,163767,542,0
211,N,4.2,20231204,WDFW,WDFW,4,!04P00085192,,,,,,2,,2013,20150401,20150401,3F10208  030435 R01,3F10208  030435 H34,3F10208  030435 S,G,H,,FR,20.43,113,,,,,,5350,2098,0,87,,,,,,BO=MIXED(HxW),BAKER LK (WHAT),BAKER LK HATCHERY,BAKER R      03.0435,WA,SKAG,SKAGG,N,0,0,2098,87,0
212,N,4.2,20231204,WDFW,WDFW,4,!04P00081791,,,,,,2,,2013,20150505,20150505,3F10208  030176 R,3F10208  030435 H34,3F10208  030435 S,Y,H,,VO,23.74,114,,,,,,5000,54332,0,2264,,,,,,BO=MIXED(HxW),SKAGIT R     03.0176,BAKER LK HATCHERY,BAKER R      03.0435,WA,SKAG,SKAGG,N,0,0,54332,2264,0
213,N,4.2,20231204,WDFW,WDFW,4,!04P00097951,,,,,,2,,2014,20160502,20160502,3F10208  031411 R,3F10208  031421 H,3F10208  030176 S,Y,H,,FR,28.34,135,,,,,,5000,166973,0,335,,,,,,BO=MIXED(HxW),CASCADE R    03.1411,MARBLEMOUNT HATCHERY,SKAGIT R     03.0176,WA,SKAG,UPSK,N,0,0,166973,335,0
214,N,4.2,20231204,WDFW,WDFW,4,!04P00096144,,,,,,2,,2014,20160427,20160427,3F10208  040435 R01,3F10208  030435 H34,3F10208  030435 S,G,H,,FR,19.98,120,,,,,,5350,2670,0,54,,,,,,BO=MIXED(HxW),STRESS RELIEF PD 1 (SKAG),BAKER LK HATCHERY,BAKER R      03.0435,WA,SKAG,SKAGG,N,0,0,2670,54,0
215,N,4.2,20231204,WDFW,WDFW,4,!04P00099601,,,,,,1,1,2015,20160602,20160602,3F10208  031411 R,3F10208  031421 H,3F10208  030176 S,,H,,FR,5.81,82,,,,,,5000,160525,0,645,,,,,,,CASCADE R    03.1411,MARBLEMOUNT HATCHERY,SKAGIT R     03.0176,WA,SKAG,UPSK,N,0,0,160525,645,0
216,N,4.2,20231204,WDFW,WDFW,4,!04P00108557,,,,,,2,,2015,20170503,20170503,3F10208  040435 R02,3F10208  030435 H34,3F10208  030435 S,G,H,,FR,21.7,120,,,,,,5000,54735,0,508,,,,,,BO=MIXED(HxW) PUT IN SRP#2 AND KEPT ONE NIGHT THEN RELEASED VOLITIONALLY,STRESS RELIEF PD 2 (SKAG),BAKER LK HATCHERY,BAKER R      03.0435,WA,SKAG,SKAGG,N,0,0,54735,508,0
217,N,4.2,20231204,WDFW,WDFW,4,!04P00106874,,,,,,2,,2016,20170408,20170408,3F10208  030435 R24,3F10208  030435 H34,3F10208  030435 S,E,H,,FR,0.16,,,,,,,0,3864,,,,,,,,BO=MIXED(HxW),BAKER LK@BLUE TARP B,BAKER LK HATCHERY,BAKER R      03.0435,WA,SKAG,UPSK,N,0,0,0,3864,0
218,N,4.2,20231204,WDFW,WDFW,4,!04P00139498,,,,,,2,,2017,20190501,20190501,3F10208  040435 R01,3F10208  030435 H34,3F10208  030435 S,Y,H,,FR,22.67,125,,,,,,5000,26085,0,263,,,,,,BO=MIXED(HxW),STRESS RELIEF PD 1 (SKAG),BAKER LK HATCHERY,BAKER R      03.0435,WA,SKAG,SKAGG,N,0,0,26085,263,0
219,N,4.2,20231204,WDFW,WDFW,4,!04P00136119,,,,,,1,1,2017,20180601,20180601,3F10208  031411 R,3F10208  031421 H,3F10208  031421 S02,,H,,VO,6.47,82,,,,,,5000,104317,0,398,,,,,,,CASCADE R    03.1411,MARBLEMOUNT HATCHERY,MARBLEMOUNT HATCH,WA,SKAG,UPSK,N,0,0,104317,398,0
220,N,4.2,20231204,WDFW,WDFW,4,!04P00153600,,,,,,2,,2018,20200429,20200429,3F10208  040435 R01,3F10208  030435 H34,3F10208  030435 S,G,H,,FR,21.09,121,,,,,,5000,23126,0,201,,,,,,BO=MIXED(HxW),STRESS RELIEF PD 1 (SKAG),BAKER LK HATCHERY,BAKER R      03.0435,WA,SKAG,SKAGG,N,0,0,23126,201,0
221,N,4.2,20231204,WDFW,WDFW,4,!04P00152305,,,,,,2,,2019,20200422,20200422,3F10208  030435 R02,3F10208  030435 H34,3F10208  030435 S,,H,,FR,1.6,,,,,,,0,57628,,,,,,,,BO=MIXED(HxW),LK SHANNON (SKAG),BAKER LK HATCHERY,BAKER R      03.0435,WA,SKAG,UPSK,N,0,0,0,57628,0
222,N,4.2,20231204,WDFW,WDFW,4,!04P00152223,,,,,,1,1,2018,20200407,20200417,3F10208  031411 R,3F10208  031421 H,3F10208  031421 S02,Y,H,,VO,32.39,123,,,,,,5000,215023,0,842,,,,,,,CASCADE R    03.1411,MARBLEMOUNT HATCHERY,MARBLEMOUNT HATCH,WA,SKAG,UPSK,N,0,0,215023,842,0
223,N,4.2,20231204,WDFW,WDFW,4,!04P00176780,,,,,,1,1,2020,20210601,20210601,3F10208  031411 R,3F10208  031421 H,3F10208  031421 S02,,H,,FR,6.04,80,,,,,,5000,35660,0,194,,,,,,,CASCADE R    03.1411,MARBLEMOUNT HATCHERY,MARBLEMOUNT HATCH,WA,SKAG,UPSK,N,0,0,35660,194,0
224,N,4.2,20231204,WDFW,WDFW,4,!04P00161615,,,,,,2,,2019,20200522,20200522,3F10208  030435 R02,3F10208  030435 H34,3F10208  030435 S,,H,,FR,0.89,,,,,,,0,52386,,,,,,,,BO=MIXED(HxW),LK SHANNON (SKAG),BAKER LK HATCHERY,BAKER R      03.0435,WA,SKAG,UPSK,N,0,0,0,52386,0
225,N,4.2,20231204,WDFW,WDFW,4,!04P00172662,,,,,,1,1,2019,20210401,20210415,3F10208  031411 R,3F10208  031421 H,3F10208  031421 S02,Y,H,,VO,29.64,134,,,,,,5000,230298,0,1437,,,,,,,CASCADE R    03.1411,MARBLEMOUNT HATCHERY,MARBLEMOUNT HATCH,WA,SKAG,UPSK,N,0,0,230298,1437,0
226,N,4.2,20231204,WDFW,WDFW,4,!04P00172688,,,,,,2,,2019,20210427,20210427,3F10208  040435 R01,3F10208  030435 H34,3F10208  030435 S,G,H,,FR,22.12,124,,,,,,5000,22716,0,197,,,,,,BO=MIXED(HxW),STRESS RELIEF PD 1 (SKAG),BAKER LK HATCHERY,BAKER R      03.0435,WA,SKAG,SKAGG,N,0,0,22716,197,0
227,N,4.2,20231204,WDFW,WDFW,4,!04P00172689,,,,,,2,,2019,20210427,20210427,3F10208  040435 R01,3F10208  030435 H34,3F10208  030435 S,G,H,,FR,22.12,121,,,,,,5000,23240,0,202,,,,,,BO=MIXED(HxW),STRESS RELIEF PD 1 (SKAG),BAKER LK HATCHERY,BAKER R      03.0435,WA,SKAG,SKAGG,N,0,0,23240,202,0
228,N,4.2,20231204,WDFW,WDFW,4,!04P00197896,,,,,,2,,2021,20230207,20230207,3F543 04 KNVTBZ R,3F10208  031421 H,3F10208  030176 S,G,H,,FR,8.24,,,,,,,0,6000,,,,,,,,BO=MIXED(HxW),CASKEY LK (SKAG),MARBLEMOUNT HATCHERY,SKAGIT R     03.0176,WA,SKAG,UPSK,N,0,0,0,6000,0
229,N,4.2,20231204,WDFW,WDFW,4,!04P00182512,,,,,,2,,2020,20211115,20211115,3F10208  030435 R02,3F10208  030435 H34,3F10208  030435 S,G,H,,FR,9.52,95,,,,,,0,10,,,,,,,,BO=MIXED(HxW),LK SHANNON (SKAG),BAKER LK HATCHERY,BAKER R      03.0435,WA,SKAG,UPSK,N,0,0,0,10,0
230,N,4.2,20231204,WDFW,WDFW,4,!04P00182513,,,,,,2,,2020,20211115,20211115,3F10208  030435 R02,3F10208  030435 H34,3F10208  030435 S,G,H,,FR,9.48,95,,,,,,5000,19415,0,338,,,,,,BO=MIXED(HxW),LK SHANNON (SKAG),BAKER LK HATCHERY,BAKER R      03.0435,WA,SKAG,UPSK,N,0,0,19415,338,0
231,N,4.2,20231204,WDFW,WDFW,4,!04P00200436,,,,,,1,1,2021,20230404,20230412,3F10208  031411 R,3F10208  031421 H,3F10208  031421 S02,,H,,VO,16.79,103,,,,,,5000,238673,0,1755,,,,,,,CASCADE R    03.1411,MARBLEMOUNT HATCHERY,MARBLEMOUNT HATCH,WA,SKAG,UPSK,N,0,0,238673,1755,0
232,N,4.2,20231204,WDFW,WDFW,4,!04P00187119,,,,,,2,,2021,20220511,20220511,3F10208  030435 R02,3F10208  030435 H34,3F10208  030435 S,,H,,FR,1.71,,,,,,,0,15925,,,,,,,,BO=MIXED(HxW),LK SHANNON (SKAG),BAKER LK HATCHERY,BAKER R      03.0435,WA,SKAG,UPSK,N,0,0,0,15925,0
233,N,4.2,20231204,WDFW,WDFW,4,!04P00200783,,,,,,2,,2022,20230420,20230420,3F10208  030435 R02,3F10208  030435 H34,3F10208  030435 S,,H,,FR,1.04,,,,,,,0,16475,,,,,,,,BO=MIXED(HxW),LK SHANNON (SKAG),BAKER LK HATCHERY,BAKER R      03.0435,WA,SKAG,UPSK,N,0,0,0,16475,0
234,N,4.2,20231204,WDFW,WDFW,4,!04P00200784,,,,,,2,,2022,20230420,20230420,3F10208  030435 R02,3F10208  030435 H34,3F10208  030435 S,,H,,FR,1.04,,,,,,,0,44363,,,,,,,,BO=MIXED(HxW),LK SHANNON (SKAG),BAKER LK HATCHERY,BAKER R      03.0435,WA,SKAG,UPSK,N,0,0,0,44363,0
235,N,4.2,20231204,WDFW,WDFW,4,!04P00200832,,,,,,2,,2021,20230425,20230425,3F10208  040435 R01,3F10208  030435 H34,3F10208  030435 S,G,H,,FR,20.61,122,,,,,,5000,14590,0,158,,,,,,BO=MIXED(HxW),STRESS RELIEF PD 1 (SKAG),BAKER LK HATCHERY,BAKER R      03.0435,WA,SKAG,SKAGG,N,0,0,14590,158,0
236,N,4.2,20231204,WDFW,WDFW,4,!04P00200785,,,,,,2,,2022,20230420,20230420,3F10208  030435 R02,3F10208  030435 H34,3F10208  030435 S,,H,,FR,0.89,,,,,,,0,21590,,,,,,,,BO=MIXED(HxW),LK SHANNON (SKAG),BAKER LK HATCHERY,BAKER R      03.0435,WA,SKAG,UPSK,N,0,0,0,21590,0
237,N,4.2,20231204,WDFW,WDFW,4,!04P00200786,,,,,,2,,2022,20230420,20230420,3F10208  030435 R02,3F10208  030435 H34,3F10208  030435 S,,H,,FR,0.89,,,,,,,0,38171,,,,,,,,BO=MIXED(HxW),LK SHANNON (SKAG),BAKER LK HATCHERY,BAKER R      03.0435,WA,SKAG,UPSK,N,0,0,0,38171,0
238,N,4.2,20231204,WDFW,WDFW,4,!04P00200787,,,,,,2,,2022,20230420,20230420,3F10208  030435 R02,3F10208  030435 H34,3F10208  030435 S,,H,,FR,0.63,,,,,,,0,22251,,,,,,,,BO=MIXED(HxW),LK SHANNON (SKAG),BAKER LK HATCHERY,BAKER R      03.0435,WA,SKAG,UPSK,N,0,0,0,22251,0
239,N,4.2,20231204,WDFW,WDFW,4,!04P00200831,,,,,,2,,2021,20230425,20230425,3F10208  040435 R01,3F10208  030435 H34,3F10208  030435 S,G,H,,FR,19.72,122,,,,,,5000,12642,0,137,,,,,,BO=MIXED(HxW),STRESS RELIEF PD 1 (SKAG),BAKER LK HATCHERY,BAKER R      03.0435,WA,SKAG,SKAGG,N,0,0,12642,137,0
240,N,4.2,20231204,WDFW,WDFW,4,!04P00200834,,,,,,2,,2021,20230425,20230425,3F10208  040435 R01,3F10208  030435 H34,3F10208  030435 S,G,H,,FR,18.89,122,,,,,,5000,12111,0,131,,,,,,BO=MIXED(HxW),STRESS RELIEF PD 1 (SKAG),BAKER LK HATCHERY,BAKER R      03.0435,WA,SKAG,SKAGG,N,0,0,12111,131,0
241,N,4.2,20231204,WDFW,WDFW,4,!04P00200836,,,,,,2,,2021,20230425,20230425,3F10208  040435 R01,3F10208  030435 H34,3F10208  030435 S,Y,H,,FR,30.23,122,,,,,,5000,14313,0,155,,,,,,BO=MIXED(HxW),STRESS RELIEF PD 1 (SKAG),BAKER LK HATCHERY,BAKER R      03.0435,WA,SKAG,SKAGG,N,0,0,14313,155,0
242,T,4.2,20231204,WDFW,WDFW,4,211550,12,,,,,1,2,2022,20230627,20230627,3F10208  031853 R01,3F10208  031421 H,3F10208  030176 S,,H,P,FR,3.84,73,,5000,120087,0,229,5000,701,0,1,,0.0058,,517,,BO=MIXED(HxW),CO LINE SLU 03.1853A,MARBLEMOUNT HATCHERY,SKAGIT R     03.0176,WA,SKAG,UPSK,N,120087,229,701,1,0
243,N,4.2,20231204,WDFW,WDFW,4,!04P00206425,,,,,,2,,2021,20230501,20230503,3F10208  031411 R,3F10208  031421 H,3F10208  030176 S,G,H,,VO,15.11,110,,,,,,5000,422113,0,3877,,,,,,BO=MIXED(HxW),CASCADE R    03.1411,MARBLEMOUNT HATCHERY,SKAGIT R     03.0176,WA,SKAG,UPSK,N,0,0,422113,3877,0
244,T,4.2,20231204,WDFW,WDFW,4,630198,12,,,D,4.2001E+12,1,1,1999,20010423,20010423,3F10208  031411 R,3F10208  031421 H,3F10208  030176 S,Y,H,,,42.39,145,,0,72629,,,0,1031,,,,0.014,,,,,CASCADE R    03.1411,MARBLEMOUNT HATCHERY,SKAGIT R     03.0176,WA,SKAG,UPSK,N,0,72629,0,1031,0
245,T,4.2,20231204,WDFW,WDFW,4,211088,12,,,,,1,2,2013,20140625,20140625,3F10208  031853BR,3F10208  031421 H,3F10208  030176 S,,H,P,VO,4.53,73,,5000,183535,0,743,5000,1486,,,,0.008,,500,,BO=MIXED(HxW),CO LINE PD2 03.1853B,MARBLEMOUNT HATCHERY,SKAGIT R     03.0176,WA,SKAG,UPSK,N,183535,743,1486,0,0
246,T,4.2,20231204,WDFW,WDFW,4,630948,11,,,D,4.2002E+12,2,,2000,20020516,20020517,3F10208  031411 R,3F10208  031421 H,3F10208  030176 S,Y,H,,,26.91,128,,5000,10861,0,65,5000,43,,,,0.0039,,,,,CASCADE R    03.1411,MARBLEMOUNT HATCHERY,SKAGIT R     03.0176,WA,SKAG,UPSK,N,10861,65,43,0,0
247,T,4.2,20231204,WDFW,WDFW,4,630566,13,,,,,2,,1999,20010521,20010521,3F10208  031411 R,3F10208  031421 H,3F10208  030176 S,Y,H,,,27.49,135,,5000,32106,0,324,5000,589,0,6,,0.018,,,,,CASCADE R    03.1411,MARBLEMOUNT HATCHERY,SKAGIT R     03.0176,WA,SKAG,UPSK,N,32106,324,589,6,0
248,T,4.2,20231204,WDFW,WDFW,4,631255,11,,,D,4.2003E+12,2,,2001,20030529,20030530,3F10208  031411 R,3F10208  031421 H,3F10208  030176 S,Y,H,,,27.65,135,,5000,9975,0,30,5000,30,,,,0.003,,,,,CASCADE R    03.1411,MARBLEMOUNT HATCHERY,SKAGIT R     03.0176,WA,SKAG,UPSK,N,9975,30,30,0,0
249,T,4.2,20231204,WDFW,WDFW,4,630666,12,,,D,4.2001E+12,1,1,2000,20010604,20010605,3F10208  031411 R,3F10208  031421 H,3F10208  030176 S,,H,,,5.53,79,,5000,252771,0,507,5000,1015,0,2,,0.004,,,,,CASCADE R    03.1411,MARBLEMOUNT HATCHERY,SKAGIT R     03.0176,WA,SKAG,UPSK,N,252771,507,1015,2,0
250,T,4.2,20231204,WDFW,WDFW,4,631175,13,,,D,4.2003E+12,2,,2001,20030529,20030530,3F10208  031411 R,3F10208  031421 H,3F10208  030176 S,Y,H,,,27.65,13,,5000,28871,0,174,5000,1016,0,6,,0.034,,,,,CASCADE R    03.1411,MARBLEMOUNT HATCHERY,SKAGIT R     03.0176,WA,SKAG,UPSK,N,28871,174,1016,6,0
251,T,4.2,20231204,WDFW,WDFW,4,631253,11,,,D,4.2003E+12,2,,2001,20030529,20030530,3F10208  031411 R,3F10208  031421 H,3F10208  030176 S,Y,H,,,27.65,135,,5000,9013,0,82,5000,82,0,1,,0.009,,,,,CASCADE R    03.1411,MARBLEMOUNT HATCHERY,SKAGIT R     03.0176,WA,SKAG,UPSK,N,9013,82,82,1,0
252,T,4.2,20231204,WDFW,WDFW,4,630945,11,,,D,4.2002E+12,2,,2000,20020516,20020517,3F10208  031411 R,3F10208  031421 H,3F10208  030176 S,Y,H,,,26.91,128,,0,10988,,,0,22,,,,0.002,,,,,CASCADE R    03.1411,MARBLEMOUNT HATCHERY,SKAGIT R     03.0176,WA,SKAG,UPSK,N,0,10988,0,22,0
253,T,4.2,20231204,WDFW,WDFW,4,631016,0,,,D,4.2E+12,1,1,1998,20000306,20000313,3F10208  031411 R,3F10208  031421 H,3F10208  030176 S,Y,H,,,41.23,151,,0,67098,,,0,1107,,,,0.0162,,,,,CASCADE R    03.1411,MARBLEMOUNT HATCHERY,SKAGIT R     03.0176,WA,SKAG,UPSK,N,0,67098,0,1107,0
254,T,4.2,20231204,WDFW,WDFW,4,632274,12,,,D,4.2005E+12,1,1,2003,20050429,20050430,3F10208  031411 R,3F10208  031421 H,3F10208  030176 S,Y,H,,,38.11,143,,0,75418,,,0,708,,,,0.0093,,,,,CASCADE R    03.1411,MARBLEMOUNT HATCHERY,SKAGIT R     03.0176,WA,SKAG,UPSK,N,0,75418,0,708,0
255,T,4.2,20231204,WDFW,WDFW,4,632093,13,,,D,4.2004E+12,2,,2002,20040601,20040607,3F10208  031411 R,3F10208  031421 H,3F10208  030176 S,Y,H,,,25.62,135,,0,9781,,,0,257,,,,0.0256,,,,20% LOSS FROM FLOOD,CASCADE R    03.1411,MARBLEMOUNT HATCHERY,SKAGIT R     03.0176,WA,SKAG,UPSK,N,0,9781,0,257,0
256,T,4.2,20231204,WDFW,WDFW,4,632095,13,,,D,4.2004E+12,2,,2002,20040601,20040607,3F10208  031411 R,3F10208  031421 H,3F10208  030176 S,Y,H,,,25.62,135,,0,11100,,,0,129,,,,0.0115,,,,20% LOSS FROM FLOOD,CASCADE R    03.1411,MARBLEMOUNT HATCHERY,SKAGIT R     03.0176,WA,SKAG,UPSK,N,0,11100,0,129,0
257,T,4.2,20231204,WDFW,WDFW,4,631977,12,,,,,1,1,2003,20040608,20040608,3F10208  031411 R,3F10208  031421 H,3F10208  030176 S,,H,,,6.87,82,,5000,262922,0,4085,5000,237,0,4,,0.0009,,,,20% LOSS FROM FLOOD,CASCADE R    03.1411,MARBLEMOUNT HATCHERY,SKAGIT R     03.0176,WA,SKAG,UPSK,N,262922,4085,237,4,0
258,T,4.2,20231204,WDFW,WDFW,4,631997,13,,,D,4.2005E+12,2,,2003,20050607,20050607,3F10208  031411 R,3F10208  031421 H,3F10208  030176 S,Y,H,,,19.21,114,,5000,46348,0,107,5000,215,,,,0.0046,,,,,CASCADE R    03.1411,MARBLEMOUNT HATCHERY,SKAGIT R     03.0176,WA,SKAG,UPSK,N,46348,107,215,0,0
259,T,4.2,20231204,WDFW,WDFW,4,632089,13,,,D,4.2004E+12,2,,2002,20040601,20040607,3F10208  031411 R,3F10208  031421 H,3F10208  030176 S,Y,H,,,25.62,135,,5000,6947,0,119,5000,321,0,5,,0.0441,,,,20% LOSS FROM FLOOD,CASCADE R    03.1411,MARBLEMOUNT HATCHERY,SKAGIT R     03.0176,WA,SKAG,UPSK,N,6947,119,321,5,0
260,T,4.2,20231204,WDFW,WDFW,4,632289,13,,,D,4.2005E+12,2,,2003,20050607,20050607,3F10208  031411 R,3F10208  031421 H,3F10208  030176 S,Y,H,,,19.21,114,,0,46823,,,0,193,,,,0.0041,,,,,CASCADE R    03.1411,MARBLEMOUNT HATCHERY,SKAGIT R     03.0176,WA,SKAG,UPSK,N,0,46823,0,193,0
261,T,4.2,20231204,WDFW,WDFW,4,634395,12,,,,,1,1,2008,20090611,20090611,3F10208  031411 R,3F10208  031421 H,3F10208  030176 S,,H,P,FR,5.66,78,,5000,253993,0,1024,5000,1024,,,,0.004,,499,,,CASCADE R    03.1411,MARBLEMOUNT HATCHERY,SKAGIT R     03.0176,WA,SKAG,UPSK,N,253993,1024,1024,0,0
262,T,4.2,20231204,WDFW,WDFW,4,632889,12,,,O,4.2006E+12,1,1,2004,20060414,20060416,3F10208  031411 R,3F10208  031421 H,3F10208  030176 S,Y,H,,,46.76,161,,5000,73668,0,603,5000,149,,,,0.002,,,,,CASCADE R    03.1411,MARBLEMOUNT HATCHERY,SKAGIT R     03.0176,WA,SKAG,UPSK,N,73668,603,149,0,0
263,T,4.2,20231204,WDFW,WDFW,4,638022,12,,,,,1,1,2021,20220502,20220502,3F10208  031411 R,3F10208  031421 H,3F10208  031421 S02,,H,P,FR,5.46,77,,5000,106195,0,426,5000,213,0,1,,0.002,,500,,,CASCADE R    03.1411,MARBLEMOUNT HATCHERY,MARBLEMOUNT HATCH,WA,SKAG,UPSK,N,106195,426,213,1,0
264,T,4.2,20231204,WDFW,WDFW,4,637711,12,,,,,1,1,2020,20210601,20210601,3F10208  031411 R,3F10208  031421 H,3F10208  031421 S02,,H,P,FR,6.04,80,,5000,75453,0,455,5000,916,0,6,,0.012,,500,,,CASCADE R    03.1411,MARBLEMOUNT HATCHERY,MARBLEMOUNT HATCH,WA,SKAG,UPSK,N,75453,455,916,6,0
265,T,4.2,20231204,WDFW,WDFW,4,637714,12,,,D,4.2021E+12,1,1,2019,20210401,20210415,3F10208  031411 R,3F10208  031421 H,3F10208  031421 S02,Y,H,P,VO,29.64,134,,0,91187,,,0,403,,,,0.0044,,1349,,,CASCADE R    03.1411,MARBLEMOUNT HATCHERY,MARBLEMOUNT HATCH,WA,SKAG,UPSK,N,0,91187,0,403,0
266,T,4.2,20231204,WDFW,WDFW,4,638398,12,,,,,1,1,2021,20220907,20220907,3F10208  040435 R01,3F10208  031421 H,3F10208  031421 S02,,H,P,FR,10.07,94,,5000,41617,0,446,,,,,,,,1511,,,STRESS RELIEF PD 1 (SKAG),MARBLEMOUNT HATCHERY,MARBLEMOUNT HATCH,WA,SKAG,SKAGG,N,41617,446,0,0,0
267,T,4.2,20231204,WDFW,WDFW,4,638546,12,,,,,1,1,2022,20230502,20230502,3F10208  031411 R,3F10208  031421 H,3F10208  031421 S02,,H,P,FR,4.53,71,,5000,101365,0,1138,,,,,,,,360,,,CASCADE R    03.1411,MARBLEMOUNT HATCHERY,MARBLEMOUNT HATCH,WA,SKAG,UPSK,N,101365,1138,0,0,0
268,T,4.2,20231204,WDFW,WDFW,4,638354,12,,,,,1,1,2021,20220907,20220907,3F10208  040435 R01,3F10208  031421 H,3F10208  031421 S02,,H,P,FR,10.07,94,,5000,243254,0,4156,5000,732,0,13,,0.003,,6260,,,STRESS RELIEF PD 1 (SKAG),MARBLEMOUNT HATCHERY,MARBLEMOUNT HATCH,WA,SKAG,SKAGG,N,243254,4156,732,13,0
269,T,4.2,20231204,WDFW,WDFW,4,638404,12,,,,,1,1,2021,20230321,20230321,3F10208  040435 R01,3F10208  031421 H,3F10208  031421 S02,,H,P,FR,7.55,95,,5000,57150,0,4821,5000,166,0,14,,0.0029,,347,,,STRESS RELIEF PD 1 (SKAG),MARBLEMOUNT HATCHERY,MARBLEMOUNT HATCH,WA,SKAG,SKAGG,N,57150,4821,166,14,0
270,T,4.2,20231204,WDFW,WDFW,4,211317,12,,,,,1,2,2018,20190624,20190624,3F10208  031853BR,3F10208  031421 H,3F10208  030176 S,,H,P,FR,4.53,83,,5000,199389,0,1507,5000,500,0,4,,0.0025,,1205,,BO=MIXED(HxW),CO LINE PD2 03.1853B,MARBLEMOUNT HATCHERY,SKAGIT R     03.0176,WA,SKAG,UPSK,T,199389,1507,500,4,0
271,T,4.2,20231204,WDFW,WDFW,4,633690,13,,,D,4.2008E+12,2,,2006,20080516,20080516,3F10208  031411 R,3F10208  031421 H,3F10208  030176 S,Y,H,P,,26.68,132,,0,47206,,,0,57,,,,0.0012,,,,,CASCADE R    03.1411,MARBLEMOUNT HATCHERY,SKAGIT R     03.0176,WA,SKAG,UPSK,T,0,47206,0,57,0
272,T,4.2,20231204,WDFW,WDFW,4,634373,12,,,D,4.2009E+12,1,1,2007,20090401,20090402,3F10208  031411 R,3F10208  031421 H,3F10208  030176 S,Y,H,P,VO,45.35,153,,5000,58503,,,5000,229,,,,0.0039,,510,,,CASCADE R    03.1411,MARBLEMOUNT HATCHERY,SKAGIT R     03.0176,WA,SKAG,UPSK,T,58503,0,229,0,0
273,T,4.2,20231204,WDFW,WDFW,4,634374,12,,,D,4.2009E+12,1,1,2007,20090401,20090402,3F10208  031411 R,3F10208  031421 H,3F10208  030176 S,Y,H,P,VO,45.35,153,,0,58614,,,,,,,,,,500,,,CASCADE R    03.1411,MARBLEMOUNT HATCHERY,SKAGIT R     03.0176,WA,SKAG,UPSK,T,0,58614,0,0,0
274,T,4.2,20231204,WDFW,WDFW,4,633480,12,,,O,4.2007E+12,1,1,2005,20070404,20070405,3F10208  031411 R,3F10208  031421 H,3F10208  030176 S,Y,H,P,,37.79,143,,0,74467,,,,,,,,,,,,NO QC,CASCADE R    03.1411,MARBLEMOUNT HATCHERY,SKAGIT R     03.0176,WA,SKAG,UPSK,T,0,74467,0,0,0
275,T,4.2,20231204,WDFW,WDFW,4,633486,12,,,D,4.2008E+12,1,1,2006,20080411,20080413,3F10208  031411 R,3F10208  031421 H,3F10208  030176 S,Y,H,P,,45.35,151,,5000,25019,0,204,5000,304,,,,0.012,,,,,CASCADE R    03.1411,MARBLEMOUNT HATCHERY,SKAGIT R     03.0176,WA,SKAG,UPSK,T,25019,204,304,0,0
276,T,4.2,20231204,WDFW,WDFW,4,633487,12,,,D,4.2008E+12,1,1,2006,20080411,20080413,3F10208  031411 R,3F10208  031421 H,3F10208  030176 S,Y,H,P,,45.35,151,,5000,23266,0,190,5000,283,,,,0.012,,,,,CASCADE R    03.1411,MARBLEMOUNT HATCHERY,SKAGIT R     03.0176,WA,SKAG,UPSK,T,23266,190,283,0,0
277,T,4.2,20231204,WDFW,WDFW,4,633488,12,,,D,4.2008E+12,1,1,2006,20080411,20080413,3F10208  031411 R,3F10208  031421 H,3F10208  030176 S,Y,H,P,,45.35,151,,5000,21794,0,178,5000,265,,,,0.012,,,,,CASCADE R    03.1411,MARBLEMOUNT HATCHERY,SKAGIT R     03.0176,WA,SKAG,UPSK,T,21794,178,265,0,0
278,T,4.2,20231204,WDFW,WDFW,4,633489,12,,,D,4.2008E+12,1,1,2006,20080411,20080413,3F10208  031411 R,3F10208  031421 H,3F10208  030176 S,Y,H,P,,45.35,151,,0,20627,,,0,331,,,,0.0158,,,,,CASCADE R    03.1411,MARBLEMOUNT HATCHERY,SKAGIT R     03.0176,WA,SKAG,UPSK,T,0,20627,0,331,0
279,T,4.2,20231204,WDFW,WDFW,4,634484,13,,,D,4.2009E+12,2,,2007,20090623,20090629,3F10208  031411 R,3F10208  031421 H,3F10208  030176 S,Y,H,P,VO,26.68,138,,5000,44174,0,89,5000,89,,,,0.002,,501,,,CASCADE R    03.1411,MARBLEMOUNT HATCHERY,SKAGIT R     03.0176,WA,SKAG,UPSK,T,44174,89,89,0,0
280,T,4.2,20231204,WDFW,WDFW,4,633691,13,,,D,4.2008E+12,2,,2006,20080516,20080516,3F10208  031411 R,3F10208  031421 H,3F10208  030176 S,Y,H,P,,26.68,132,,5000,47072,0,165,,,,,,,,,,,CASCADE R    03.1411,MARBLEMOUNT HATCHERY,SKAGIT R     03.0176,WA,SKAG,UPSK,T,47072,165,0,0,0
281,T,4.2,20231204,WDFW,WDFW,4,634485,13,,,D,4.2009E+12,2,,2007,20090623,20090629,3F10208  031411 R,3F10208  031421 H,3F10208  030176 S,Y,H,P,VO,26.68,138,,0,44604,,,,,,,,,,501,,,CASCADE R    03.1411,MARBLEMOUNT HATCHERY,SKAGIT R     03.0176,WA,SKAG,UPSK,T,0,44604,0,0,0
282,T,4.2,20231204,WDFW,WDFW,4,633490,12,,,D,4.2008E+12,1,1,2006,20080411,20080413,3F10208  031411 R,3F10208  031421 H,3F10208  030176 S,Y,H,P,,45.35,151,,0,21093,,,0,339,,,,0.0158,,,,,CASCADE R    03.1411,MARBLEMOUNT HATCHERY,SKAGIT R     03.0176,WA,SKAG,UPSK,T,0,21093,0,339,0
283,T,4.2,20231204,WDFW,WDFW,4,633491,12,,,D,4.2008E+12,1,1,2006,20080411,20080413,3F10208  031411 R,3F10208  031421 H,3F10208  030176 S,Y,H,P,,45.35,151,,0,24820,,,0,398,,,,0.0158,,,,,CASCADE R    03.1411,MARBLEMOUNT HATCHERY,SKAGIT R     03.0176,WA,SKAG,UPSK,T,0,24820,0,398,0
284,T,4.2,20231204,WDFW,WDFW,4,635082,12,,,D,4.201E+12,1,1,2008,20100414,20100416,3F10208  031411 R,3F10208  031421 H,3F10208  030176 S,Y,H,P,VO,45.35,168,,0,75683,,,0,457,,,,0.006,,500,,,CASCADE R    03.1411,MARBLEMOUNT HATCHERY,SKAGIT R     03.0176,WA,SKAG,UPSK,T,0,75683,0,457,0
285,T,4.2,20231204,WDFW,WDFW,4,633571,13,,,D,4.2007E+12,2,,2005,20070601,20070604,3F10208  031411 R,3F10208  031421 H,3F10208  030176 S,Y,H,P,,28.52,139,,5000,43100,0,368,5000,204,,,,0.0047,,,,,CASCADE R    03.1411,MARBLEMOUNT HATCHERY,SKAGIT R     03.0176,WA,SKAG,UPSK,T,43100,368,204,0,0
286,T,4.2,20231204,WDFW,WDFW,4,635574,12,,,,,1,1,2009,20110404,20110411,3F10208  031411 R,3F10208  031421 H,3F10208  030176 S,Y,H,P,VO,43.19,150,,0,80500,,,,,,,,,,500,,,CASCADE R    03.1411,MARBLEMOUNT HATCHERY,SKAGIT R     03.0176,WA,SKAG,UPSK,T,0,80500,0,0,0
287,T,4.2,20231204,WDFW,WDFW,4,635381,13,,,D,4.2011E+12,2,,2009,20110518,20110525,3F10208  031411 R,3F10208  031421 H,3F10208  030176 S,Y,H,P,VO,26.68,135,,5000,44465,0,104,5000,720,,,,0.0159,,439,,BO=MIXED(HxW),CASCADE R    03.1411,MARBLEMOUNT HATCHERY,SKAGIT R     03.0176,WA,SKAG,UPSK,T,44465,104,720,0,0
288,T,4.2,20231204,WDFW,WDFW,4,635382,13,,,D,4.2011E+12,2,,2009,20110518,20110525,3F10208  031411 R,3F10208  031421 H,3F10208  030176 S,Y,H,P,VO,26.68,135,,0,43354,,,0,1806,,,,0.04,,500,,BO=MIXED(HxW),CASCADE R    03.1411,MARBLEMOUNT HATCHERY,SKAGIT R     03.0176,WA,SKAG,UPSK,T,0,43354,0,1806,0
289,T,4.2,20231204,WDFW,WDFW,4,634495,13,,,D,4.201E+12,2,,2008,20100513,20100518,3F10208  031411 R,3F10208  031421 H,3F10208  030176 S,Y,H,P,VO,28.89,134,,5000,43359,,,5000,2091,,,,0.046,,500,,,CASCADE R    03.1411,MARBLEMOUNT HATCHERY,SKAGIT R     03.0176,WA,SKAG,UPSK,T,43359,0,2091,0,0
290,T,4.2,20231204,WDFW,WDFW,4,634496,13,,,D,4.201E+12,2,,2008,20100513,20100518,3F10208  031411 R,3F10208  031421 H,3F10208  030176 S,Y,H,P,VO,28.89,134,,0,43568,,,0,619,,,,0.014,,500,,,CASCADE R    03.1411,MARBLEMOUNT HATCHERY,SKAGIT R     03.0176,WA,SKAG,UPSK,T,0,43568,0,619,0
291,T,4.2,20231204,WDFW,WDFW,4,635798,13,,,D,4.2012E+12,2,,2010,20120501,20120515,3F10208  031411 R,3F10208  031421 H,3F10208  030176 S,Y,H,P,VO,27.16,135,,0,42100,,,0,340,,,,0.008,,500,,BO=MIXED(HxW),CASCADE R    03.1411,MARBLEMOUNT HATCHERY,SKAGIT R     03.0176,WA,SKAG,UPSK,T,0,42100,0,340,0
292,T,4.2,20231204,WDFW,WDFW,4,635799,13,,,D,4.2012E+12,2,,2010,20120501,20120515,3F10208  031411 R,3F10208  031421 H,3F10208  030176 S,Y,H,P,VO,27.16,135,,5000,41840,0,165,5000,411,,,,0.0097,,517,,BO=MIXED(HxW),CASCADE R    03.1411,MARBLEMOUNT HATCHERY,SKAGIT R     03.0176,WA,SKAG,UPSK,T,41840,165,411,0,0
293,T,4.2,20231204,WDFW,WDFW,4,635899,12,,,D,4.2012E+12,1,1,2010,20120416,20120426,3F10208  031411 R,3F10208  031421 H,3F10208  030176 S,Y,H,P,VO,45.35,146,,5000,66928,,,5000,533,,,,0.0079,,507,,,CASCADE R    03.1411,MARBLEMOUNT HATCHERY,SKAGIT R     03.0176,WA,SKAG,UPSK,T,66928,0,533,0,0
294,T,4.2,20231204,WDFW,WDFW,4,636277,12,,,D,4.2012E+12,1,1,2011,20120615,20120615,3F10208  031411 R,3F10208  031421 H,3F10208  030176 S,,H,P,FR,5.66,81,,5000,180435,,,5000,725,,,,0.004,,500,,,CASCADE R    03.1411,MARBLEMOUNT HATCHERY,SKAGIT R     03.0176,WA,SKAG,UPSK,T,180435,0,725,0,0
295,T,4.2,20231204,WDFW,WDFW,4,635573,12,,,,,1,1,2009,20110404,20110411,3F10208  031411 R,3F10208  031421 H,3F10208  030176 S,Y,H,P,VO,43.19,150,,5000,80500,,,,,,,,,,438,,,CASCADE R    03.1411,MARBLEMOUNT HATCHERY,SKAGIT R     03.0176,WA,SKAG,UPSK,T,80500,0,0,0,0
296,T,4.2,20231204,WDFW,WDFW,4,636278,12,,,D,4.2012E+12,1,1,2011,20120615,20120615,3F10208  031411 R,3F10208  031421 H,3F10208  030176 S,,H,P,FR,5.66,81,,0,180435,,,0,725,,,,0.004,,500,,,CASCADE R    03.1411,MARBLEMOUNT HATCHERY,SKAGIT R     03.0176,WA,SKAG,UPSK,T,0,180435,0,725,0
297,T,4.2,20231204,WDFW,WDFW,4,636290,12,,,D,4.2013E+12,1,1,2012,20130610,20130610,3F10208  031411 R,3F10208  031421 H,3F10208  030176 S,,H,P,VO,6.21,85,,0,205162,,,0,1218,,,,0.0059,,1010,,,CASCADE R    03.1411,MARBLEMOUNT HATCHERY,SKAGIT R     03.0176,WA,SKAG,UPSK,T,0,205162,0,1218,0
298,T,4.2,20231204,WDFW,WDFW,4,636495,12,,,D,4.2014E+12,1,1,2013,20140612,20140612,3F10208  031411 R,3F10208  031421 H,3F10208  030176 S,,H,P,FR,5.66,114,,5000,205592,0,413,5000,413,,,,0.002,,502,,,CASCADE R    03.1411,MARBLEMOUNT HATCHERY,SKAGIT R     03.0176,WA,SKAG,UPSK,T,205592,413,413,0,0
299,T,4.2,20231204,WDFW,WDFW,4,636696,13,,,O,4.2015E+12,2,,2013,20150520,20150520,3F10208  031411 R,3F10208  031421 H,3F10208  030176 S,Y,H,P,FR,26.68,138,,0,47670,,,0,96,,,,0.002,,502,,BO=MIXED(HxW),CASCADE R    03.1411,MARBLEMOUNT HATCHERY,SKAGIT R     03.0176,WA,SKAG,UPSK,T,0,47670,0,96,0
300,T,4.2,20231204,WDFW,WDFW,4,636496,12,,,D,4.2014E+12,1,1,2013,20140612,20140612,3F10208  031411 R,3F10208  031421 H,3F10208  030176 S,,H,P,FR,5.66,114,,0,206055,,,,,,,,,,514,,,CASCADE R    03.1411,MARBLEMOUNT HATCHERY,SKAGIT R     03.0176,WA,SKAG,UPSK,T,0,206055,0,0,0
301,T,4.2,20231204,WDFW,WDFW,4,636376,13,,,D,4.2013E+12,2,,2011,20130515,20130515,3F10208  031411 R,3F10208  031421 H,3F10208  030176 S,Y,H,P,VO,29.07,140,,0,45650,,,0,91,,,,0.002,,500,,BO=MIXED(HxW),CASCADE R    03.1411,MARBLEMOUNT HATCHERY,SKAGIT R     03.0176,WA,SKAG,UPSK,T,0,45650,0,91,0
302,T,4.2,20231204,WDFW,WDFW,4,636377,13,,,D,4.2013E+12,2,,2011,20130515,20130515,3F10208  031411 R,3F10208  031421 H,3F10208  030176 S,Y,H,P,VO,29.07,140,,5000,45068,,,5000,90,,,,0.002,,500,,BO=MIXED(HxW),CASCADE R    03.1411,MARBLEMOUNT HATCHERY,SKAGIT R     03.0176,WA,SKAG,UPSK,T,45068,0,90,0,0
303,T,4.2,20231204,WDFW,WDFW,4,636554,13,,,D,4.2014E+12,2,,2012,20140513,20140516,3F10208  031411 R,3F10208  031421 H,3F10208  030176 S,Y,H,P,VO,32.39,141,,0,43163,,,0,613,,,,0.014,,501,,BO=MIXED(HxW),CASCADE R    03.1411,MARBLEMOUNT HATCHERY,SKAGIT R     03.0176,WA,SKAG,UPSK,T,0,43163,0,613,0
304,T,4.2,20231204,WDFW,WDFW,4,636555,13,,,D,4.2014E+12,2,,2012,20140513,20140516,3F10208  031411 R,3F10208  031421 H,3F10208  030176 S,Y,H,P,VO,32.39,141,,5000,43388,,,5000,527,,,,0.012,,334,,BO=MIXED(HxW),CASCADE R    03.1411,MARBLEMOUNT HATCHERY,SKAGIT R     03.0176,WA,SKAG,UPSK,T,43388,0,527,0,0
305,T,4.2,20231204,WDFW,WDFW,4,636839,13,,,D,4.2016E+12,2,,2014,20160502,20160502,3F10208  031411 R,3F10208  031421 H,3F10208  030176 S,Y,H,P,FR,28.34,135,,5000,43867,,,,,,,,,,548,,BO=MIXED(HxW),CASCADE R    03.1411,MARBLEMOUNT HATCHERY,SKAGIT R     03.0176,WA,SKAG,UPSK,T,43867,0,0,0,0
306,T,4.2,20231204,WDFW,WDFW,4,636291,12,,,D,4.2013E+12,1,1,2012,20130610,20130610,3F10208  031411 R,3F10208  031421 H,3F10208  030176 S,,H,P,VO,6.21,85,,5000,202402,0,1211,5000,1621,,,,0.0079,,1014,,,CASCADE R    03.1411,MARBLEMOUNT HATCHERY,SKAGIT R     03.0176,WA,SKAG,UPSK,T,202402,1211,1621,0,0
307,T,4.2,20231204,WDFW,WDFW,4,637349,12,,,D,4.2019E+12,1,1,2018,20190604,20190613,3F10208  031421 R,3F10208  031421 H,3F10208  031421 S02,,H,P,FR,5.77,77,,0,206000,,,,,,,,,,513,,,CLARK CR     03.1421,MARBLEMOUNT HATCHERY,MARBLEMOUNT HATCH,WA,SKAG,UPSK,T,0,206000,0,0,0
308,T,4.2,20231204,WDFW,WDFW,4,636944,12,,,D,4.2016E+12,1,1,2015,20160602,20160602,3F10208  031411 R,3F10208  031421 H,3F10208  030176 S,,H,P,FR,5.81,82,,0,204046,,,0,1397,,,,0.0068,,442,,,CASCADE R    03.1411,MARBLEMOUNT HATCHERY,SKAGIT R     03.0176,WA,SKAG,UPSK,T,0,204046,0,1397,0
309,T,4.2,20231204,WDFW,WDFW,4,636945,12,,,D,4.2016E+12,1,1,2015,20160602,20160602,3F10208  031411 R,3F10208  031421 H,3F10208  030176 S,,H,P,FR,5.81,82,,5000,205432,,,,,,,,,,500,,,CASCADE R    03.1411,MARBLEMOUNT HATCHERY,SKAGIT R     03.0176,WA,SKAG,UPSK,T,205432,0,0,0,0
310,T,4.2,20231204,WDFW,WDFW,4,636993,13,,,D,4.2017E+12,2,,2015,20170508,20170508,3F10208  031411 R,3F10208  031421 H,3F10208  030176 S,Y,H,P,VO,30.23,140,,5000,46326,0,289,5000,355,0,2,,0.0076,,264,,BO=MIXED(HxW),CASCADE R    03.1411,MARBLEMOUNT HATCHERY,SKAGIT R     03.0176,WA,SKAG,UPSK,T,46326,289,355,2,0
311,T,4.2,20231204,WDFW,WDFW,4,636840,13,,,D,4.2016E+12,2,,2014,20160502,20160502,3F10208  031411 R,3F10208  031421 H,3F10208  030176 S,Y,H,P,FR,28.34,135,,0,43868,,,,,,,,,,661,,BO=MIXED(HxW),CASCADE R    03.1411,MARBLEMOUNT HATCHERY,SKAGIT R     03.0176,WA,SKAG,UPSK,T,0,43868,0,0,0
312,T,4.2,20231204,WDFW,WDFW,4,636817,12,,,O,4.2015E+12,1,1,2014,20150601,20150601,3F10208  031411 R,3F10208  031421 H,3F10208  030176 S,,H,P,FR,6.47,89,,5000,198174,0,357,5000,357,0,1,,0.0018,,552,,,CASCADE R    03.1411,MARBLEMOUNT HATCHERY,SKAGIT R     03.0176,WA,SKAG,UPSK,T,198174,357,357,1,0
313,T,4.2,20231204,WDFW,WDFW,4,637088,13,,,D,4.2018E+12,2,,2016,20180501,20180503,3F10208  031411 R,3F10208  031421 H,3F10208  030176 S,Y,H,P,VO,28.34,139,,0,36893,,,0,107,,,,0.0029,,700,,BO=MIXED(HxW),CASCADE R    03.1411,MARBLEMOUNT HATCHERY,SKAGIT R     03.0176,WA,SKAG,UPSK,T,0,36893,0,107,0
314,T,4.2,20231204,WDFW,WDFW,4,636994,13,,,D,4.2017E+12,2,,2015,20170508,20170508,3F10208  031411 R,3F10208  031421 H,3F10208  030176 S,Y,H,P,VO,30.23,140,,0,46309,,,0,634,,,,0.0135,,446,,BO=MIXED(HxW),CASCADE R    03.1411,MARBLEMOUNT HATCHERY,SKAGIT R     03.0176,WA,SKAG,UPSK,T,0,46309,0,634,0
315,T,4.2,20231204,WDFW,WDFW,4,636697,13,,,O,4.2015E+12,2,,2013,20150520,20150520,3F10208  031411 R,3F10208  031421 H,3F10208  030176 S,Y,H,P,FR,26.68,138,,5000,47575,0,96,5000,95,,,,0.002,,497,,BO=MIXED(HxW),CASCADE R    03.1411,MARBLEMOUNT HATCHERY,SKAGIT R     03.0176,WA,SKAG,UPSK,T,47575,96,95,0,0
316,T,4.2,20231204,WDFW,WDFW,4,637089,13,,,D,4.2018E+12,2,,2016,20180501,20180503,3F10208  031411 R,3F10208  031421 H,3F10208  030176 S,Y,H,P,VO,28.34,139,,5000,36508,0,106,5000,106,,,,0.0029,,693,,BO=MIXED(HxW),CASCADE R    03.1411,MARBLEMOUNT HATCHERY,SKAGIT R     03.0176,WA,SKAG,UPSK,T,36508,106,106,0,0
317,T,4.2,20231204,WDFW,WDFW,4,636818,12,,,O,4.2015E+12,1,1,2014,20150601,20150601,3F10208  031411 R,3F10208  031421 H,3F10208  030176 S,,H,P,FR,6.47,89,,0,197835,,,0,1054,,,,0.0053,,561,,,CASCADE R    03.1411,MARBLEMOUNT HATCHERY,SKAGIT R     03.0176,WA,SKAG,UPSK,T,0,197835,0,1054,0
318,T,4.2,20231204,WDFW,WDFW,4,637160,12,,,D,4.2017E+12,1,1,2016,20170602,20170602,3F10208  031411 R,3F10208  031421 H,3F10208  031421 S02,,H,P,VO,6.21,84445,,0,204299,,,0,820,,,,0.004,,500,,,CASCADE R    03.1411,MARBLEMOUNT HATCHERY,MARBLEMOUNT HATCH,WA,SKAG,UPSK,T,0,204299,0,820,0
319,T,4.2,20231204,WDFW,WDFW,4,637222,12,,,D,4.2018E+12,1,1,2017,20180601,20180601,3F10208  031411 R,3F10208  031421 H,3F10208  031421 S02,,H,P,VO,6.47,82,,0,204736,,,0,267,,,,0.0013,,1484,,,CASCADE R    03.1411,MARBLEMOUNT HATCHERY,MARBLEMOUNT HATCH,WA,SKAG,UPSK,T,0,204736,0,267,0
320,T,4.2,20231204,WDFW,WDFW,4,637161,12,,,D,4.2017E+12,1,1,2016,20170602,20170602,3F10208  031411 R,3F10208  031421 H,3F10208  031421 S02,,H,P,VO,6.21,84445,,5000,205076,,,,,,,,,,500,,,CASCADE R    03.1411,MARBLEMOUNT HATCHERY,MARBLEMOUNT HATCH,WA,SKAG,UPSK,T,205076,0,0,0,0
321,T,4.2,20231204,WDFW,WDFW,4,637271,12,,,D,4.2019E+12,2,,2017,20190503,20190503,3F10208  031411 R,3F10208  031421 H,3F10208  030176 S,Y,H,P,FR,28.34,134,,0,41842,,,0,54,,,,0.0013,,757,,BO=MIXED(HxW),CASCADE R    03.1411,MARBLEMOUNT HATCHERY,SKAGIT R     03.0176,WA,SKAG,UPSK,T,0,41842,0,54,0
322,T,4.2,20231204,WDFW,WDFW,4,637348,12,,,D,4.2019E+12,1,1,2018,20190604,20190613,3F10208  031421 R,3F10208  031421 H,3F10208  031421 S02,,H,P,FR,5.77,77,,5000,205019,0,390,5000,390,0,1,,0.0019,,536,,,CLARK CR     03.1421,MARBLEMOUNT HATCHERY,MARBLEMOUNT HATCH,WA,SKAG,UPSK,T,205019,390,390,1,0
323,T,4.2,20231204,WDFW,WDFW,4,637223,12,,,D,4.2018E+12,1,1,2017,20180601,20180601,3F10208  031411 R,3F10208  031421 H,3F10208  031421 S02,,H,P,VO,6.47,82,,5000,204230,0,779,,,,,,,,524,,,CASCADE R    03.1411,MARBLEMOUNT HATCHERY,MARBLEMOUNT HATCH,WA,SKAG,UPSK,T,204230,779,0,0,0
324,T,4.2,20231204,WDFW,WDFW,4,637446,12,,,D,4.202E+12,1,1,2018,20200407,20200417,3F10208  031411 R,3F10208  031421 H,3F10208  031421 S02,Y,H,P,VO,32.39,123,,5000,94652,0,419,5000,104,,,,0.0011,,913,,,CASCADE R    03.1411,MARBLEMOUNT HATCHERY,MARBLEMOUNT HATCH,WA,SKAG,UPSK,T,94652,419,104,0,0
325,T,4.2,20231204,WDFW,WDFW,4,637632,12,,,D,4.202E+12,1,1,2019,20200612,20200612,3F10208  031411 R,3F10208  031421 H,3F10208  031421 S02,,H,P,FR,6.38,80,,5000,100497,0,292,5000,292,0,1,,0.0029,,339,,,CASCADE R    03.1411,MARBLEMOUNT HATCHERY,MARBLEMOUNT HATCH,WA,SKAG,UPSK,T,100497,292,292,1,0
326,T,4.2,20231204,WDFW,WDFW,4,637677,12,,,D,4.2021E+12,2,,2019,20210414,20210423,3F10208  031411 R,3F10208  031421 H,3F10208  030176 S,G,H,P,VO,16.79,113,,0,42653,,,0,128,,,,0.003,,664,,BO=MIXED(HxW),CASCADE R    03.1411,MARBLEMOUNT HATCHERY,SKAGIT R     03.0176,WA,SKAG,UPSK,T,0,42653,0,128,0
327,T,4.2,20231204,WDFW,WDFW,4,637272,12,,,D,4.2019E+12,2,,2017,20190503,20190503,3F10208  031411 R,3F10208  031421 H,3F10208  030176 S,Y,H,P,FR,28.34,134,,5000,41744,0,277,5000,113,0,1,,0.0027,,733,,BO=MIXED(HxW),CASCADE R    03.1411,MARBLEMOUNT HATCHERY,SKAGIT R     03.0176,WA,SKAG,UPSK,T,41744,277,113,1,0
328,T,4.2,20231204,WDFW,WDFW,4,637678,12,,,D,4.2021E+12,2,,2019,20210414,20210423,3F10208  031411 R,3F10208  031421 H,3F10208  030176 S,G,H,P,VO,16.79,113,,5000,41895,0,194,5000,321,0,1,,0.0076,,657,,BO=MIXED(HxW),CASCADE R    03.1411,MARBLEMOUNT HATCHERY,SKAGIT R     03.0176,WA,SKAG,UPSK,T,41895,194,321,1,0
329,T,4.2,20231204,WDFW,WDFW,4,637633,12,,,D,4.202E+12,1,1,2019,20200612,20200612,3F10208  031411 R,3F10208  031421 H,3F10208  031421 S02,,H,P,FR,6.38,80,,5000,100896,0,293,5000,293,0,1,,0.0029,,339,,,CASCADE R    03.1411,MARBLEMOUNT HATCHERY,MARBLEMOUNT HATCH,WA,SKAG,UPSK,T,100896,293,293,1,0
330,T,4.2,20231204,WDFW,WDFW,4,637554,12,,,D,4.202E+12,2,,2018,20200501,20200501,3F10208  031411 R,3F10208  031421 H,3F10208  030176 S,Y,H,P,VO,24.51,118,,0,46243,,,0,396,,,,0.0085,,587,,BO=MIXED(HxW),CASCADE R    03.1411,MARBLEMOUNT HATCHERY,SKAGIT R     03.0176,WA,SKAG,UPSK,T,0,46243,0,396,0
331,T,4.2,20231204,WDFW,WDFW,4,637634,12,,,D,4.202E+12,1,1,2019,20200612,20200612,3F10208  031411 R,3F10208  031421 H,3F10208  031421 S02,,H,P,FR,6.38,80,,0,100855,,,0,293,,,,0.0029,,339,,,CASCADE R    03.1411,MARBLEMOUNT HATCHERY,MARBLEMOUNT HATCH,WA,SKAG,UPSK,T,0,100855,0,293,0
332,T,4.2,20231204,WDFW,WDFW,4,637511,12,,,D,4.202E+12,1,1,2018,20200407,20200417,3F10208  031411 R,3F10208  031421 H,3F10208  031421 S02,Y,H,P,VO,32.39,123,,0,93838,,,0,122,,,,0.0013,,763,,,CASCADE R    03.1411,MARBLEMOUNT HATCHERY,MARBLEMOUNT HATCH,WA,SKAG,UPSK,T,0,93838,0,122,0
333,T,4.2,20231204,WDFW,WDFW,4,638067,12,,,D,4.2023E+12,1,1,2022,20230605,20230605,3F10208  031411 R,3F10208  031421 H,3F10208  031421 S02,,H,P,FR,2.45,67,,5000,198803,0,2904,5000,319,0,5,,0.0016,,3668,,,CASCADE R    03.1411,MARBLEMOUNT HATCHERY,MARBLEMOUNT HATCH,WA,SKAG,UPSK,T,198803,2904,319,5,0
334,T,4.2,20231204,WDFW,WDFW,4,637555,12,,,D,4.202E+12,2,,2018,20200501,20200501,3F10208  031411 R,3F10208  031421 H,3F10208  030176 S,Y,H,P,VO,24.51,118,,5000,44326,0,85,5000,84,,,,0.0019,,531,,BO=MIXED(HxW),CASCADE R    03.1411,MARBLEMOUNT HATCHERY,SKAGIT R     03.0176,WA,SKAG,UPSK,T,44326,85,84,0,0
335,T,4.2,20231204,WDFW,WDFW,4,637635,12,,,D,4.202E+12,1,1,2019,20200612,20200612,3F10208  031411 R,3F10208  031421 H,3F10208  031421 S02,,H,P,FR,6.38,80,,0,101546,,,0,295,,,,0.0029,,339,,,CASCADE R    03.1411,MARBLEMOUNT HATCHERY,MARBLEMOUNT HATCH,WA,SKAG,UPSK,T,0,101546,0,295,0
336,T,4.2,20231204,WDFW,WDFW,4,637891,12,,,D,4.2021E+12,1,1,2020,20210601,20210601,3F10208  031411 R,3F10208  031421 H,3F10208  031421 S02,,H,P,FR,6.04,80,,5000,193495,0,3106,5000,3106,0,50,,0.0158,,505,,,CASCADE R    03.1411,MARBLEMOUNT HATCHERY,MARBLEMOUNT HATCH,WA,SKAG,UPSK,T,193495,3106,3106,50,0
337,T,4.2,20231204,WDFW,WDFW,4,637892,12,,,D,4.2021E+12,1,1,2020,20210601,20210601,3F10208  031411 R,3F10208  031421 H,3F10208  031421 S02,,H,P,FR,6.04,80,,0,194323,,,0,5433,,,,0.0272,,515,,,CASCADE R    03.1411,MARBLEMOUNT HATCHERY,MARBLEMOUNT HATCH,WA,SKAG,UPSK,T,0,194323,0,5433,0
338,T,4.2,20231204,WDFW,WDFW,4,638064,12,,,D,4.2023E+12,1,1,2022,20230605,20230605,3F10208  031411 R,3F10208  031421 H,3F10208  031421 S02,,H,P,FR,3.77,73,,0,201272,,,0,1011,,,,0.005,,2994,,,CASCADE R    03.1411,MARBLEMOUNT HATCHERY,MARBLEMOUNT HATCH,WA,SKAG,UPSK,T,0,201272,0,1011,0
339,T,4.2,20231204,WDFW,WDFW,4,638003,12,,,D,4.2022E+12,2,,2020,20220501,20220506,3F10208  031411 R,3F10208  031421 H,3F10208  030176 S,Y,H,P,VO,22.67,124,,5000,40507,0,85,5000,1206,0,3,,0.0289,,485,,BO=MIXED(HxW),CASCADE R    03.1411,MARBLEMOUNT HATCHERY,SKAGIT R     03.0176,WA,SKAG,UPSK,T,40507,85,1206,3,0
340,T,4.2,20231204,WDFW,WDFW,4,638311,12,,,D,4.2022E+12,1,1,2021,20220601,20220601,3F10208  031411 R,3F10208  031421 H,3F10208  031421 S02,,H,P,FR,5.74,80,,0,202165,,,0,629,,,,0.0031,,6094,,,CASCADE R    03.1411,MARBLEMOUNT HATCHERY,MARBLEMOUNT HATCH,WA,SKAG,UPSK,T,0,202165,0,629,0
341,T,4.2,20231204,WDFW,WDFW,4,638316,12,,,D,4.2022E+12,1,1,2021,20220601,20220601,3F10208  031411 R,3F10208  031421 H,3F10208  031421 S02,,H,P,FR,5.74,80,,5000,200942,0,1457,5000,101,0,1,,0.0005,,4010,,,CASCADE R    03.1411,MARBLEMOUNT HATCHERY,MARBLEMOUNT HATCH,WA,SKAG,UPSK,T,200942,1457,101,1,0
342,T,4.2,20231204,WDFW,WDFW,4,637869,12,,,D,4.2023E+12,1,1,2021,20230404,20230412,3F10208  031411 R,3F10208  031421 H,3F10208  031421 S02,,H,P,VO,16.79,103,,5000,95537,0,422,5000,211,0,1,,0.0022,,2707,,,CASCADE R    03.1411,MARBLEMOUNT HATCHERY,MARBLEMOUNT HATCH,WA,SKAG,UPSK,T,95537,422,211,1,0
343,T,4.2,20231204,WDFW,WDFW,4,638021,12,,,D,4.2023E+12,1,1,2021,20230404,20230412,3F10208  031411 R,3F10208  031421 H,3F10208  031421 S02,,H,P,VO,16.79,103,,0,100453,,,0,90,,,,0.0009,,2155,,,CASCADE R    03.1411,MARBLEMOUNT HATCHERY,MARBLEMOUNT HATCH,WA,SKAG,UPSK,T,0,100453,0,90,0
344,T,4.2,20231204,WDFW,WDFW,4,638229,12,,,D,4.2023E+12,2,,2021,20230501,20230503,3F10208  031411 R,3F10208  031421 H,3F10208  030176 S,G,H,P,VO,15.11,110,,0,45747,,,0,128,,,,0.0028,,1074,,BO=MIXED(HxW),CASCADE R    03.1411,MARBLEMOUNT HATCHERY,SKAGIT R     03.0176,WA,SKAG,UPSK,T,0,45747,0,128,0
345,T,4.2,20231204,WDFW,WDFW,4,638230,12,,,D,4.2023E+12,2,,2021,20230501,20230503,3F10208  031411 R,3F10208  031421 H,3F10208  030176 S,G,H,P,VO,15.11,110,,5000,45944,0,143,5000,55,,,,0.0012,,1624,,BO=MIXED(HxW),CASCADE R    03.1411,MARBLEMOUNT HATCHERY,SKAGIT R     03.0176,WA,SKAG,UPSK,T,45944,143,55,0,0
